,mean_fit_time,std_fit_time,mean_score_time,std_score_time,param_decisiontreeregressor__criterion,param_decisiontreeregressor__max_depth,param_decisiontreeregressor__min_samples_leaf,param_decisiontreeregressor__min_samples_split,param_decisiontreeregressor__splitter,params,split0_test_score,split1_test_score,split2_test_score,split3_test_score,split4_test_score,mean_test_score,std_test_score,rank_test_score,split0_train_score,split1_train_score,split2_train_score,split3_train_score,split4_train_score,mean_train_score,std_train_score
0,0.00600433349609375,0.00012359735038002006,0.001256275177001953,9.046411503097538e-05,mse,1,2,2,best,"{'decisiontreeregressor__criterion': 'mse', 'decisiontreeregressor__max_depth': 1, 'decisiontreeregressor__min_samples_leaf': 2, 'decisiontreeregressor__min_samples_split': 2, 'decisiontreeregressor__splitter': 'best'}",,,,,,,,1,0.19383302178654516,0.19218809628283495,0.13111688385706344,0.17811275352888567,0.09732116029532056,0.15851438315012994,0.03810683614169044
1,0.005579137802124023,0.00017310322443304571,0.001163148880004883,0.000133775778787739,mse,1,2,2,random,"{'decisiontreeregressor__criterion': 'mse', 'decisiontreeregressor__max_depth': 1, 'decisiontreeregressor__min_samples_leaf': 2, 'decisiontreeregressor__min_samples_split': 2, 'decisiontreeregressor__splitter': 'random'}",,,,,,,,114,0.19383302178654516,0.19218809628283495,0.13111688385706355,0.17811275352888556,0.09732116029532056,0.15851438315012994,0.038106836141690414
2,0.005472135543823242,0.0003273990249305748,0.0011376380920410157,7.983307899900808e-05,mse,1,2,3,best,"{'decisiontreeregressor__criterion': 'mse', 'decisiontreeregressor__max_depth': 1, 'decisiontreeregressor__min_samples_leaf': 2, 'decisiontreeregressor__min_samples_split': 3, 'decisiontreeregressor__splitter': 'best'}",,,,,,,,115,0.19383302178654516,0.19218809628283495,0.13111688385706344,0.17811275352888567,0.09732116029532056,0.15851438315012994,0.03810683614169044
3,0.005025911331176758,0.000684337369168736,0.00101470947265625,0.00015793426878494649,mse,1,2,3,random,"{'decisiontreeregressor__criterion': 'mse', 'decisiontreeregressor__max_depth': 1, 'decisiontreeregressor__min_samples_leaf': 2, 'decisiontreeregressor__min_samples_split': 3, 'decisiontreeregressor__splitter': 'random'}",,,,,,,,116,0.19383302178654516,0.19218809628283495,0.13111688385706344,0.17811275352888567,0.09732116029532056,0.15851438315012994,0.03810683614169044
4,0.0035710811614990236,0.0006662000010594506,0.0006908416748046875,6.780711574503634e-05,mse,1,2,4,best,"{'decisiontreeregressor__criterion': 'mse', 'decisiontreeregressor__max_depth': 1, 'decisiontreeregressor__min_samples_leaf': 2, 'decisiontreeregressor__min_samples_split': 4, 'decisiontreeregressor__splitter': 'best'}",,,,,,,,117,0.19383302178654516,0.19218809628283495,0.13111688385706344,0.17811275352888567,0.09732116029532056,0.15851438315012994,0.03810683614169044
5,0.003342294692993164,0.00022848042415406355,0.0006608009338378906,6.465314032899996e-05,mse,1,2,4,random,"{'decisiontreeregressor__criterion': 'mse', 'decisiontreeregressor__max_depth': 1, 'decisiontreeregressor__min_samples_leaf': 2, 'decisiontreeregressor__min_samples_split': 4, 'decisiontreeregressor__splitter': 'random'}",,,,,,,,118,0.19383302178654516,0.19218809628283495,0.13111688385706344,0.17811275352888556,0.09732116029532056,0.15851438315012994,0.03810683614169043
6,0.003795814514160156,0.000492122061724045,0.00065460205078125,9.304382111716966e-05,mse,1,3,2,best,"{'decisiontreeregressor__criterion': 'mse', 'decisiontreeregressor__max_depth': 1, 'decisiontreeregressor__min_samples_leaf': 3, 'decisiontreeregressor__min_samples_split': 2, 'decisiontreeregressor__splitter': 'best'}",,,,,,,,119,0.19383302178654505,0.19218809628283495,0.13111688385706344,0.17811275352888567,0.09732116029532056,0.15851438315012994,0.03810683614169042
7,0.0032320499420166017,0.0003809107440053802,0.0006299495697021484,6.872700791175248e-05,mse,1,3,2,random,"{'decisiontreeregressor__criterion': 'mse', 'decisiontreeregressor__max_depth': 1, 'decisiontreeregressor__min_samples_leaf': 3, 'decisiontreeregressor__min_samples_split': 2, 'decisiontreeregressor__splitter': 'random'}",,,,,,,,120,0.19383302178654505,0.19218809628283495,0.13111688385706344,0.17811275352888567,0.09732116029532056,0.15851438315012994,0.03810683614169042
8,0.0033118724822998047,0.00034172397793033046,0.0006100654602050782,3.352453482593561e-05,mse,1,3,3,best,"{'decisiontreeregressor__criterion': 'mse', 'decisiontreeregressor__max_depth': 1, 'decisiontreeregressor__min_samples_leaf': 3, 'decisiontreeregressor__min_samples_split': 3, 'decisiontreeregressor__splitter': 'best'}",,,,,,,,121,0.19383302178654516,0.19218809628283495,0.13111688385706344,0.17811275352888556,0.09732116029532056,0.15851438315012994,0.03810683614169043
9,0.003138828277587891,0.0002199945165377562,0.0005754947662353516,2.4033444253278806e-05,mse,1,3,3,random,"{'decisiontreeregressor__criterion': 'mse', 'decisiontreeregressor__max_depth': 1, 'decisiontreeregressor__min_samples_leaf': 3, 'decisiontreeregressor__min_samples_split': 3, 'decisiontreeregressor__splitter': 'random'}",,,,,,,,122,0.19383302178654505,0.19218809628283495,0.13111688385706344,0.17811275352888556,0.09732116029532045,0.1585143831501299,0.03810683614169045
10,0.003111457824707031,0.00015108354913459952,0.0006421566009521485,5.5894712562823976e-05,mse,1,3,4,best,"{'decisiontreeregressor__criterion': 'mse', 'decisiontreeregressor__max_depth': 1, 'decisiontreeregressor__min_samples_leaf': 3, 'decisiontreeregressor__min_samples_split': 4, 'decisiontreeregressor__splitter': 'best'}",,,,,,,,123,0.19383302178654505,0.19218809628283495,0.13111688385706344,0.17811275352888556,0.09732116029532056,0.15851438315012992,0.038106836141690414
11,0.003261089324951172,7.479476208846574e-05,0.0007140159606933594,0.0001318507253832465,mse,1,3,4,random,"{'decisiontreeregressor__criterion': 'mse', 'decisiontreeregressor__max_depth': 1, 'decisiontreeregressor__min_samples_leaf': 3, 'decisiontreeregressor__min_samples_split': 4, 'decisiontreeregressor__splitter': 'random'}",,,,,,,,124,0.19383302178654516,0.19218809628283495,0.13111688385706344,0.17811275352888567,0.09732116029532056,0.15851438315012994,0.03810683614169044
12,0.003441524505615234,0.0001591985249727264,0.000796365737915039,0.00018914630499660909,mse,1,4,2,best,"{'decisiontreeregressor__criterion': 'mse', 'decisiontreeregressor__max_depth': 1, 'decisiontreeregressor__min_samples_leaf': 4, 'decisiontreeregressor__min_samples_split': 2, 'decisiontreeregressor__splitter': 'best'}",,,,,,,,125,0.19383302178654505,0.19218809628283495,0.13111688385706344,0.17811275352888567,0.09732116029532056,0.15851438315012994,0.03810683614169042
13,0.003351116180419922,0.00010347801410300213,0.0007168292999267578,0.0001454986840773417,mse,1,4,2,random,"{'decisiontreeregressor__criterion': 'mse', 'decisiontreeregressor__max_depth': 1, 'decisiontreeregressor__min_samples_leaf': 4, 'decisiontreeregressor__min_samples_split': 2, 'decisiontreeregressor__splitter': 'random'}",,,,,,,,126,0.19383302178654516,0.19218809628283495,0.13111688385706344,0.17811275352888567,0.09732116029532045,0.15851438315012994,0.03810683614169048
14,0.00350041389465332,0.00018908727244037804,0.0006522178649902344,1.3798319494385713e-05,mse,1,4,3,best,"{'decisiontreeregressor__criterion': 'mse', 'decisiontreeregressor__max_depth': 1, 'decisiontreeregressor__min_samples_leaf': 4, 'decisiontreeregressor__min_samples_split': 3, 'decisiontreeregressor__splitter': 'best'}",,,,,,,,127,0.19383302178654516,0.19218809628283495,0.13111688385706344,0.17811275352888567,0.09732116029532056,0.15851438315012994,0.03810683614169044
15,0.0033998012542724608,0.0002254040770111543,0.0006834030151367188,4.374876332916711e-05,mse,1,4,3,random,"{'decisiontreeregressor__criterion': 'mse', 'decisiontreeregressor__max_depth': 1, 'decisiontreeregressor__min_samples_leaf': 4, 'decisiontreeregressor__min_samples_split': 3, 'decisiontreeregressor__splitter': 'random'}",,,,,,,,128,0.19383302178654516,0.19218809628283495,0.13111688385706344,0.17811275352888567,0.09732116029532045,0.15851438315012994,0.03810683614169048
16,0.0036298274993896485,0.0002297931450067832,0.000885629653930664,0.0001767611355511998,mse,1,4,4,best,"{'decisiontreeregressor__criterion': 'mse', 'decisiontreeregressor__max_depth': 1, 'decisiontreeregressor__min_samples_leaf': 4, 'decisiontreeregressor__min_samples_split': 4, 'decisiontreeregressor__splitter': 'best'}",,,,,,,,129,0.19383302178654516,0.19218809628283495,0.13111688385706344,0.17811275352888567,0.09732116029532056,0.15851438315012994,0.03810683614169044
17,0.0036559104919433594,0.0001481760248247597,0.000780487060546875,0.00018450151412401235,mse,1,4,4,random,"{'decisiontreeregressor__criterion': 'mse', 'decisiontreeregressor__max_depth': 1, 'decisiontreeregressor__min_samples_leaf': 4, 'decisiontreeregressor__min_samples_split': 4, 'decisiontreeregressor__splitter': 'random'}",,,,,,,,130,0.19383302178654505,0.19218809628283495,0.13111688385706344,0.17811275352888567,0.09732116029532056,0.15851438315012994,0.03810683614169042
18,0.004674386978149414,0.0015333555258735523,0.0010627269744873046,0.0005788938726567762,mse,2,2,2,best,"{'decisiontreeregressor__criterion': 'mse', 'decisiontreeregressor__max_depth': 2, 'decisiontreeregressor__min_samples_leaf': 2, 'decisiontreeregressor__min_samples_split': 2, 'decisiontreeregressor__splitter': 'best'}",,,,,,,,131,0.3749714968595621,0.39158845900019223,0.3309580544235371,0.2623505523383346,0.20877452450515177,0.3137286174253556,0.06894166505606703
19,0.007001638412475586,0.002010252260946861,0.0012325763702392579,0.0002660906182162471,mse,2,2,2,random,"{'decisiontreeregressor__criterion': 'mse', 'decisiontreeregressor__max_depth': 2, 'decisiontreeregressor__min_samples_leaf': 2, 'decisiontreeregressor__min_samples_split': 2, 'decisiontreeregressor__splitter': 'random'}",,,,,,,,132,0.3749714968595621,0.39158845900019223,0.3309580544235371,0.2623505523383346,0.20877452450515177,0.3137286174253556,0.06894166505606703
20,0.00814208984375,0.0003315918055414152,0.0019224166870117187,0.0002973015783765864,mse,2,2,3,best,"{'decisiontreeregressor__criterion': 'mse', 'decisiontreeregressor__max_depth': 2, 'decisiontreeregressor__min_samples_leaf': 2, 'decisiontreeregressor__min_samples_split': 3, 'decisiontreeregressor__splitter': 'best'}",,,,,,,,113,0.3749714968595621,0.39158845900019223,0.3309580544235371,0.2623505523383345,0.20877452450515177,0.31372861742535557,0.06894166505606704
21,0.004626321792602539,0.0014638682093524881,0.000885772705078125,0.00022086978781914876,mse,2,2,3,random,"{'decisiontreeregressor__criterion': 'mse', 'decisiontreeregressor__max_depth': 2, 'decisiontreeregressor__min_samples_leaf': 2, 'decisiontreeregressor__min_samples_split': 3, 'decisiontreeregressor__splitter': 'random'}",,,,,,,,112,0.3749714968595621,0.39158845900019223,0.3309580544235371,0.2623505523383345,0.20877452450515177,0.31372861742535557,0.06894166505606704
22,0.004128026962280274,0.0002618250874786781,0.0007097721099853516,1.0111871332588318e-05,mse,2,2,4,best,"{'decisiontreeregressor__criterion': 'mse', 'decisiontreeregressor__max_depth': 2, 'decisiontreeregressor__min_samples_leaf': 2, 'decisiontreeregressor__min_samples_split': 4, 'decisiontreeregressor__splitter': 'best'}",,,,,,,,111,0.3749714968595621,0.39158845900019223,0.3309580544235371,0.2623505523383345,0.208774524505152,0.3137286174253556,0.06894166505606697
23,0.004135894775390625,0.0002141574047448011,0.0007086753845214844,5.100254345580501e-05,mse,2,2,4,random,"{'decisiontreeregressor__criterion': 'mse', 'decisiontreeregressor__max_depth': 2, 'decisiontreeregressor__min_samples_leaf': 2, 'decisiontreeregressor__min_samples_split': 4, 'decisiontreeregressor__splitter': 'random'}",,,,,,,,100,0.3749714968595621,0.39158845900019223,0.3309580544235371,0.2623505523383345,0.20877452450515188,0.3137286174253556,0.06894166505606701
24,0.0040776729583740234,0.00034944567954404976,0.0008481025695800781,0.00015339002772542747,mse,2,3,2,best,"{'decisiontreeregressor__criterion': 'mse', 'decisiontreeregressor__max_depth': 2, 'decisiontreeregressor__min_samples_leaf': 3, 'decisiontreeregressor__min_samples_split': 2, 'decisiontreeregressor__splitter': 'best'}",,,,,,,,92,0.3749714968595621,0.39158845900019223,0.3309580544235371,0.2623505523383345,0.20877452450515188,0.3137286174253556,0.06894166505606701
25,0.003973054885864258,0.00024052752448353287,0.0007958412170410156,0.00017089819801688444,mse,2,3,2,random,"{'decisiontreeregressor__criterion': 'mse', 'decisiontreeregressor__max_depth': 2, 'decisiontreeregressor__min_samples_leaf': 3, 'decisiontreeregressor__min_samples_split': 2, 'decisiontreeregressor__splitter': 'random'}",,,,,,,,93,0.3749714968595621,0.39158845900019223,0.330958054423537,0.2623505523383346,0.20877452450515177,0.3137286174253555,0.06894166505606701
26,0.00383610725402832,0.00038352529900987416,0.0007310867309570313,6.901146751268564e-05,mse,2,3,3,best,"{'decisiontreeregressor__criterion': 'mse', 'decisiontreeregressor__max_depth': 2, 'decisiontreeregressor__min_samples_leaf': 3, 'decisiontreeregressor__min_samples_split': 3, 'decisiontreeregressor__splitter': 'best'}",,,,,,,,94,0.374971496859562,0.39158845900019223,0.3309580544235371,0.2623505523383346,0.20877452450515188,0.3137286174253555,0.06894166505606697
27,0.003906917572021484,0.0004003367118766079,0.000693511962890625,5.309821026245189e-05,mse,2,3,3,random,"{'decisiontreeregressor__criterion': 'mse', 'decisiontreeregressor__max_depth': 2, 'decisiontreeregressor__min_samples_leaf': 3, 'decisiontreeregressor__min_samples_split': 3, 'decisiontreeregressor__splitter': 'random'}",,,,,,,,95,0.3749714968595621,0.39158845900019223,0.3309580544235371,0.2623505523383345,0.20877452450515177,0.31372861742535557,0.06894166505606704
28,0.006048393249511719,0.001982443952865069,0.0010144233703613282,0.0002746047772659847,mse,2,3,4,best,"{'decisiontreeregressor__criterion': 'mse', 'decisiontreeregressor__max_depth': 2, 'decisiontreeregressor__min_samples_leaf': 3, 'decisiontreeregressor__min_samples_split': 4, 'decisiontreeregressor__splitter': 'best'}",,,,,,,,96,0.3749714968595621,0.39158845900019223,0.3309580544235371,0.2623505523383346,0.20877452450515177,0.3137286174253556,0.06894166505606703
29,0.006184768676757812,0.0015770081554550037,0.0010161876678466796,0.00029266345861430666,mse,2,3,4,random,"{'decisiontreeregressor__criterion': 'mse', 'decisiontreeregressor__max_depth': 2, 'decisiontreeregressor__min_samples_leaf': 3, 'decisiontreeregressor__min_samples_split': 4, 'decisiontreeregressor__splitter': 'random'}",,,,,,,,97,0.3749714968595621,0.39158845900019223,0.3309580544235371,0.2623505523383346,0.20877452450515177,0.3137286174253556,0.06894166505606703
30,0.0038975238800048827,0.0005122986196186274,0.0006321430206298828,2.800930264755462e-05,mse,2,4,2,best,"{'decisiontreeregressor__criterion': 'mse', 'decisiontreeregressor__max_depth': 2, 'decisiontreeregressor__min_samples_leaf': 4, 'decisiontreeregressor__min_samples_split': 2, 'decisiontreeregressor__splitter': 'best'}",,,,,,,,98,0.374971496859562,0.39158845900019223,0.3309580544235371,0.2623505523383345,0.20877452450515177,0.3137286174253555,0.06894166505606703
31,0.003603029251098633,0.00027713697693276075,0.0006307601928710937,4.252243315766092e-05,mse,2,4,2,random,"{'decisiontreeregressor__criterion': 'mse', 'decisiontreeregressor__max_depth': 2, 'decisiontreeregressor__min_samples_leaf': 4, 'decisiontreeregressor__min_samples_split': 2, 'decisiontreeregressor__splitter': 'random'}",,,,,,,,99,0.3749714968595621,0.39158845900019223,0.3309580544235371,0.2623505523383345,0.20877452450515177,0.31372861742535557,0.06894166505606704
32,0.0036647796630859377,0.00039435408555940084,0.0006721019744873047,3.991870400712933e-05,mse,2,4,3,best,"{'decisiontreeregressor__criterion': 'mse', 'decisiontreeregressor__max_depth': 2, 'decisiontreeregressor__min_samples_leaf': 4, 'decisiontreeregressor__min_samples_split': 3, 'decisiontreeregressor__splitter': 'best'}",,,,,,,,101,0.3749714968595621,0.39158845900019223,0.3309580544235371,0.2623505523383346,0.20877452450515188,0.3137286174253556,0.06894166505606698
33,0.00355677604675293,0.00020527185591358128,0.0006867885589599609,0.00017687378242488988,mse,2,4,3,random,"{'decisiontreeregressor__criterion': 'mse', 'decisiontreeregressor__max_depth': 2, 'decisiontreeregressor__min_samples_leaf': 4, 'decisiontreeregressor__min_samples_split': 3, 'decisiontreeregressor__splitter': 'random'}",,,,,,,,110,0.3749714968595621,0.39158845900019223,0.3309580544235371,0.2623505523383346,0.20877452450515177,0.3137286174253556,0.06894166505606703
34,0.0034361839294433593,0.00027605443619786415,0.0006712436676025391,7.748986748256674e-05,mse,2,4,4,best,"{'decisiontreeregressor__criterion': 'mse', 'decisiontreeregressor__max_depth': 2, 'decisiontreeregressor__min_samples_leaf': 4, 'decisiontreeregressor__min_samples_split': 4, 'decisiontreeregressor__splitter': 'best'}",,,,,,,,102,0.3749714968595621,0.39158845900019223,0.3309580544235372,0.2623505523383345,0.20877452450515177,0.31372861742535557,0.06894166505606704
35,0.003676891326904297,0.00022540607430370004,0.0006464004516601562,6.563839717789505e-05,mse,2,4,4,random,"{'decisiontreeregressor__criterion': 'mse', 'decisiontreeregressor__max_depth': 2, 'decisiontreeregressor__min_samples_leaf': 4, 'decisiontreeregressor__min_samples_split': 4, 'decisiontreeregressor__splitter': 'random'}",,,,,,,,103,0.3749714968595621,0.39158845900019223,0.3309580544235371,0.2623505523383346,0.20877452450515177,0.3137286174253556,0.06894166505606703
36,0.0037622451782226562,0.0001287404694944691,0.0006467342376708984,7.894666679070438e-05,mse,3,2,2,best,"{'decisiontreeregressor__criterion': 'mse', 'decisiontreeregressor__max_depth': 3, 'decisiontreeregressor__min_samples_leaf': 2, 'decisiontreeregressor__min_samples_split': 2, 'decisiontreeregressor__splitter': 'best'}",,,,,,,,104,0.47405250021248024,0.48866203924217944,0.4169258355939677,0.33827954513574454,0.3382234765366797,0.4112286793442103,0.0642285779099062
37,0.004726552963256836,0.0008070444123921749,0.0007545948028564453,0.00015323642655216185,mse,3,2,2,random,"{'decisiontreeregressor__criterion': 'mse', 'decisiontreeregressor__max_depth': 3, 'decisiontreeregressor__min_samples_leaf': 2, 'decisiontreeregressor__min_samples_split': 2, 'decisiontreeregressor__splitter': 'random'}",,,,,,,,105,0.47405250021248013,0.48866203924217944,0.4169258355939677,0.33827954513574454,0.33822347653667983,0.4112286793442103,0.06422857790990615
38,0.003952598571777344,0.00027405356870339694,0.0006337165832519531,3.677122564938879e-05,mse,3,2,3,best,"{'decisiontreeregressor__criterion': 'mse', 'decisiontreeregressor__max_depth': 3, 'decisiontreeregressor__min_samples_leaf': 2, 'decisiontreeregressor__min_samples_split': 3, 'decisiontreeregressor__splitter': 'best'}",,,,,,,,106,0.47405250021248024,0.48866203924217955,0.4169258355939677,0.33827954513574454,0.3382234765366797,0.4112286793442103,0.06422857790990623
39,0.003982353210449219,0.00036158481531407697,0.0006659030914306641,5.386698336213334e-05,mse,3,2,3,random,"{'decisiontreeregressor__criterion': 'mse', 'decisiontreeregressor__max_depth': 3, 'decisiontreeregressor__min_samples_leaf': 2, 'decisiontreeregressor__min_samples_split': 3, 'decisiontreeregressor__splitter': 'random'}",,,,,,,,107,0.47405250021248024,0.48866203924217944,0.4169258355939677,0.33827954513574454,0.3382234765366797,0.4112286793442103,0.0642285779099062
40,0.004100179672241211,0.00025601260465045174,0.0005907058715820312,9.30944413657133e-06,mse,3,2,4,best,"{'decisiontreeregressor__criterion': 'mse', 'decisiontreeregressor__max_depth': 3, 'decisiontreeregressor__min_samples_leaf': 2, 'decisiontreeregressor__min_samples_split': 4, 'decisiontreeregressor__splitter': 'best'}",,,,,,,,108,0.47405250021248013,0.48866203924217944,0.4169258355939677,0.33827954513574454,0.33822347653667983,0.4112286793442103,0.06422857790990615
41,0.003852510452270508,0.00027026150860002504,0.0006333827972412109,7.03208879738454e-05,mse,3,2,4,random,"{'decisiontreeregressor__criterion': 'mse', 'decisiontreeregressor__max_depth': 3, 'decisiontreeregressor__min_samples_leaf': 2, 'decisiontreeregressor__min_samples_split': 4, 'decisiontreeregressor__splitter': 'random'}",,,,,,,,109,0.47405250021248024,0.48866203924217944,0.4169258355939677,0.33827954513574454,0.3382234765366797,0.4112286793442103,0.0642285779099062
42,0.0040972232818603516,0.00024229296752299398,0.0008031368255615234,0.00012544122050163408,mse,3,3,2,best,"{'decisiontreeregressor__criterion': 'mse', 'decisiontreeregressor__max_depth': 3, 'decisiontreeregressor__min_samples_leaf': 3, 'decisiontreeregressor__min_samples_split': 2, 'decisiontreeregressor__splitter': 'best'}",,,,,,,,133,0.4715907069862877,0.4857446672504435,0.4134967828343413,0.3379878956879422,0.3318813339760759,0.4081402773470181,0.06451956850633724
43,0.0038519382476806642,0.0002892800678677798,0.000605916976928711,4.791148147983701e-05,mse,3,3,2,random,"{'decisiontreeregressor__criterion': 'mse', 'decisiontreeregressor__max_depth': 3, 'decisiontreeregressor__min_samples_leaf': 3, 'decisiontreeregressor__min_samples_split': 2, 'decisiontreeregressor__splitter': 'random'}",,,,,,,,134,0.4715907069862877,0.4857446672504435,0.41349678283434155,0.3379878956879422,0.3318813339760759,0.4081402773470181,0.06451956850633725
44,0.004420948028564453,0.00028285461743851034,0.0007006645202636719,2.0264962130856283e-05,mse,3,3,3,best,"{'decisiontreeregressor__criterion': 'mse', 'decisiontreeregressor__max_depth': 3, 'decisiontreeregressor__min_samples_leaf': 3, 'decisiontreeregressor__min_samples_split': 3, 'decisiontreeregressor__splitter': 'best'}",,,,,,,,135,0.4715907069862877,0.4857446672504435,0.41349678283434155,0.3379878956879422,0.3318813339760759,0.4081402773470181,0.06451956850633725
45,0.0047360420227050785,0.0008917763429139503,0.0008489608764648438,0.00029075031448427477,mse,3,3,3,random,"{'decisiontreeregressor__criterion': 'mse', 'decisiontreeregressor__max_depth': 3, 'decisiontreeregressor__min_samples_leaf': 3, 'decisiontreeregressor__min_samples_split': 3, 'decisiontreeregressor__splitter': 'random'}",,,,,,,,136,0.4715907069862877,0.4857446672504435,0.4134967828343413,0.3379878956879422,0.3318813339760758,0.4081402773470181,0.06451956850633726
46,0.004039096832275391,0.0003076337533607717,0.0006987571716308594,7.792654269959659e-05,mse,3,3,4,best,"{'decisiontreeregressor__criterion': 'mse', 'decisiontreeregressor__max_depth': 3, 'decisiontreeregressor__min_samples_leaf': 3, 'decisiontreeregressor__min_samples_split': 4, 'decisiontreeregressor__splitter': 'best'}",,,,,,,,160,0.4715907069862877,0.4857446672504435,0.41349678283434155,0.3379878956879422,0.3318813339760759,0.4081402773470181,0.06451956850633725
47,0.00402684211730957,0.0003822690635662439,0.0007205486297607421,5.24846756009959e-05,mse,3,3,4,random,"{'decisiontreeregressor__criterion': 'mse', 'decisiontreeregressor__max_depth': 3, 'decisiontreeregressor__min_samples_leaf': 3, 'decisiontreeregressor__min_samples_split': 4, 'decisiontreeregressor__splitter': 'random'}",,,,,,,,161,0.4715907069862877,0.4857446672504435,0.41349678283434155,0.3379878956879421,0.3318813339760759,0.4081402773470181,0.06451956850633726
48,0.00671992301940918,0.0019007260781205727,0.0010075569152832031,0.0002304778481789949,mse,3,4,2,best,"{'decisiontreeregressor__criterion': 'mse', 'decisiontreeregressor__max_depth': 3, 'decisiontreeregressor__min_samples_leaf': 4, 'decisiontreeregressor__min_samples_split': 2, 'decisiontreeregressor__splitter': 'best'}",,,,,,,,162,0.4715907069862877,0.4857446672504435,0.41349678283434155,0.3379878956879422,0.3318813339760759,0.4081402773470181,0.06451956850633725
49,0.005047464370727539,0.001786214031041578,0.000757598876953125,0.0001254664129921506,mse,3,4,2,random,"{'decisiontreeregressor__criterion': 'mse', 'decisiontreeregressor__max_depth': 3, 'decisiontreeregressor__min_samples_leaf': 4, 'decisiontreeregressor__min_samples_split': 2, 'decisiontreeregressor__splitter': 'random'}",,,,,,,,163,0.4715907069862877,0.4857446672504435,0.41349678283434155,0.3379878956879422,0.33188133397607567,0.4081402773470181,0.0645195685063373
50,0.004513263702392578,0.0008456610678271301,0.0008095741271972656,0.00023297731664381714,mse,3,4,3,best,"{'decisiontreeregressor__criterion': 'mse', 'decisiontreeregressor__max_depth': 3, 'decisiontreeregressor__min_samples_leaf': 4, 'decisiontreeregressor__min_samples_split': 3, 'decisiontreeregressor__splitter': 'best'}",,,,,,,,164,0.4715907069862877,0.4857446672504434,0.41349678283434155,0.3379878956879422,0.3318813339760759,0.4081402773470181,0.06451956850633722
51,0.006623601913452149,0.00016478891990910976,0.0011954784393310546,3.263615081766375e-05,mse,3,4,3,random,"{'decisiontreeregressor__criterion': 'mse', 'decisiontreeregressor__max_depth': 3, 'decisiontreeregressor__min_samples_leaf': 4, 'decisiontreeregressor__min_samples_split': 3, 'decisiontreeregressor__splitter': 'random'}",,,,,,,,165,0.4715907069862877,0.4857446672504435,0.41349678283434155,0.3379878956879422,0.3318813339760759,0.4081402773470181,0.06451956850633725
52,0.00672616958618164,0.000116928852490319,0.001216745376586914,9.0173499844196e-05,mse,3,4,4,best,"{'decisiontreeregressor__criterion': 'mse', 'decisiontreeregressor__max_depth': 3, 'decisiontreeregressor__min_samples_leaf': 4, 'decisiontreeregressor__min_samples_split': 4, 'decisiontreeregressor__splitter': 'best'}",,,,,,,,166,0.4715907069862877,0.4857446672504435,0.41349678283434155,0.3379878956879422,0.3318813339760759,0.4081402773470181,0.06451956850633725
53,0.006535196304321289,0.0001833049487271558,0.0011573314666748046,7.488247453102952e-05,mse,3,4,4,random,"{'decisiontreeregressor__criterion': 'mse', 'decisiontreeregressor__max_depth': 3, 'decisiontreeregressor__min_samples_leaf': 4, 'decisiontreeregressor__min_samples_split': 4, 'decisiontreeregressor__splitter': 'random'}",,,,,,,,167,0.4715907069862877,0.4857446672504435,0.41349678283434155,0.3379878956879421,0.3318813339760759,0.4081402773470181,0.06451956850633726
54,0.0074920654296875,0.00015154842132813755,0.0011305809020996094,4.3847503776672825e-05,mse,4,2,2,best,"{'decisiontreeregressor__criterion': 'mse', 'decisiontreeregressor__max_depth': 4, 'decisiontreeregressor__min_samples_leaf': 2, 'decisiontreeregressor__min_samples_split': 2, 'decisiontreeregressor__splitter': 'best'}",,,,,,,,168,0.5786506872489399,0.5642809261075108,0.47865357147109555,0.41391269486413107,0.4355772895178931,0.49421503384191406,0.0665847109193635
55,0.007488107681274414,0.00020320999436322705,0.00117034912109375,8.707487820057274e-05,mse,4,2,2,random,"{'decisiontreeregressor__criterion': 'mse', 'decisiontreeregressor__max_depth': 4, 'decisiontreeregressor__min_samples_leaf': 2, 'decisiontreeregressor__min_samples_split': 2, 'decisiontreeregressor__splitter': 'random'}",,,,,,,,169,0.5786506872489399,0.5642809261075108,0.47865357147109555,0.41391269486413107,0.4355772895178931,0.49421503384191406,0.0665847109193635
56,0.0075724124908447266,0.00018412991383679513,0.0011802196502685546,0.0002851821248200627,mse,4,2,3,best,"{'decisiontreeregressor__criterion': 'mse', 'decisiontreeregressor__max_depth': 4, 'decisiontreeregressor__min_samples_leaf': 2, 'decisiontreeregressor__min_samples_split': 3, 'decisiontreeregressor__splitter': 'best'}",,,,,,,,170,0.5786506872489399,0.5642809261075108,0.47865357147109555,0.4139126948641312,0.4355772895178931,0.49421503384191406,0.06658471091936347
57,0.006824207305908203,0.0012724283497327264,0.001176595687866211,0.0001053763729472527,mse,4,2,3,random,"{'decisiontreeregressor__criterion': 'mse', 'decisiontreeregressor__max_depth': 4, 'decisiontreeregressor__min_samples_leaf': 2, 'decisiontreeregressor__min_samples_split': 3, 'decisiontreeregressor__splitter': 'random'}",,,,,,,,171,0.5786506872489399,0.5642809261075108,0.47865357147109566,0.4139126948641312,0.4355772895178931,0.49421503384191406,0.06658471091936347
58,0.0074864387512207035,0.00015250700058244655,0.001222085952758789,8.521860478654956e-05,mse,4,2,4,best,"{'decisiontreeregressor__criterion': 'mse', 'decisiontreeregressor__max_depth': 4, 'decisiontreeregressor__min_samples_leaf': 2, 'decisiontreeregressor__min_samples_split': 4, 'decisiontreeregressor__splitter': 'best'}",,,,,,,,172,0.5786506872489399,0.5642809261075108,0.47865357147109566,0.4139126948641312,0.4355772895178931,0.49421503384191406,0.06658471091936347
59,0.0072726249694824215,0.00010221887325246607,0.0012250900268554687,8.380792549516018e-05,mse,4,2,4,random,"{'decisiontreeregressor__criterion': 'mse', 'decisiontreeregressor__max_depth': 4, 'decisiontreeregressor__min_samples_leaf': 2, 'decisiontreeregressor__min_samples_split': 4, 'decisiontreeregressor__splitter': 'random'}",,,,,,,,173,0.5786506872489399,0.5642809261075108,0.47865357147109555,0.41391269486413107,0.4355772895178931,0.49421503384191406,0.0665847109193635
60,0.007199573516845703,0.0012204956403621145,0.001147317886352539,0.00010864181883284092,mse,4,3,2,best,"{'decisiontreeregressor__criterion': 'mse', 'decisiontreeregressor__max_depth': 4, 'decisiontreeregressor__min_samples_leaf': 3, 'decisiontreeregressor__min_samples_split': 2, 'decisiontreeregressor__splitter': 'best'}",,,,,,,,174,0.5713125217101058,0.5570635504907748,0.4752245187114693,0.40938391590333223,0.4278523361165427,0.488167368586445,0.06583624122070655
61,0.006961250305175781,0.00017039284626312084,0.0011777400970458985,5.95440365684795e-05,mse,4,3,2,random,"{'decisiontreeregressor__criterion': 'mse', 'decisiontreeregressor__max_depth': 4, 'decisiontreeregressor__min_samples_leaf': 3, 'decisiontreeregressor__min_samples_split': 2, 'decisiontreeregressor__splitter': 'random'}",,,,,,,,175,0.5713125217101057,0.5570635504907748,0.4752245187114693,0.40938391590333223,0.4278523361165427,0.488167368586445,0.06583624122070653
62,0.0071140766143798825,0.00040379125774172013,0.0011933326721191406,8.578675523227942e-05,mse,4,3,3,best,"{'decisiontreeregressor__criterion': 'mse', 'decisiontreeregressor__max_depth': 4, 'decisiontreeregressor__min_samples_leaf': 3, 'decisiontreeregressor__min_samples_split': 3, 'decisiontreeregressor__splitter': 'best'}",,,,,,,,176,0.5713125217101057,0.5570635504907748,0.4752245187114693,0.40938391590333223,0.4278523361165427,0.488167368586445,0.06583624122070653
63,0.005840873718261719,0.0005844522574430053,0.0009052276611328125,0.00021443263620505272,mse,4,3,3,random,"{'decisiontreeregressor__criterion': 'mse', 'decisiontreeregressor__max_depth': 4, 'decisiontreeregressor__min_samples_leaf': 3, 'decisiontreeregressor__min_samples_split': 3, 'decisiontreeregressor__splitter': 'random'}",,,,,,,,177,0.5713125217101057,0.5570635504907748,0.4752245187114693,0.40938391590333223,0.4278523361165427,0.488167368586445,0.06583624122070653
64,0.005343103408813476,0.0005930227757364442,0.000823354721069336,0.00016407027740134803,mse,4,3,4,best,"{'decisiontreeregressor__criterion': 'mse', 'decisiontreeregressor__max_depth': 4, 'decisiontreeregressor__min_samples_leaf': 3, 'decisiontreeregressor__min_samples_split': 4, 'decisiontreeregressor__splitter': 'best'}",,,,,,,,178,0.5713125217101057,0.5570635504907748,0.4752245187114692,0.40938391590333223,0.4278523361165427,0.488167368586445,0.06583624122070654
65,0.004793500900268555,0.00042533737126799944,0.0007558822631835938,5.726387443168451e-05,mse,4,3,4,random,"{'decisiontreeregressor__criterion': 'mse', 'decisiontreeregressor__max_depth': 4, 'decisiontreeregressor__min_samples_leaf': 3, 'decisiontreeregressor__min_samples_split': 4, 'decisiontreeregressor__splitter': 'random'}",,,,,,,,159,0.5713125217101057,0.5570635504907748,0.4752245187114693,0.40938391590333223,0.4278523361165427,0.488167368586445,0.06583624122070653
66,0.004905986785888672,0.00037100135448431005,0.001001119613647461,0.00018865060466329866,mse,4,4,2,best,"{'decisiontreeregressor__criterion': 'mse', 'decisiontreeregressor__max_depth': 4, 'decisiontreeregressor__min_samples_leaf': 4, 'decisiontreeregressor__min_samples_split': 2, 'decisiontreeregressor__splitter': 'best'}",,,,,,,,179,0.5713125217101057,0.5532949831755378,0.4750863349129165,0.40911127723981067,0.4278523361165427,0.4873314906309827,0.06513080895100413
67,0.006590843200683594,0.0006488964143491323,0.0011088848114013672,0.00019959682364090279,mse,4,4,2,random,"{'decisiontreeregressor__criterion': 'mse', 'decisiontreeregressor__max_depth': 4, 'decisiontreeregressor__min_samples_leaf': 4, 'decisiontreeregressor__min_samples_split': 2, 'decisiontreeregressor__splitter': 'random'}",,,,,,,,158,0.5713125217101057,0.5532949831755376,0.47508633491291663,0.4091112772398108,0.4278523361165427,0.4873314906309827,0.06513080895100407
68,0.007016515731811524,0.0003208951676724742,0.0011209011077880859,0.0001112483265962733,mse,4,4,3,best,"{'decisiontreeregressor__criterion': 'mse', 'decisiontreeregressor__max_depth': 4, 'decisiontreeregressor__min_samples_leaf': 4, 'decisiontreeregressor__min_samples_split': 3, 'decisiontreeregressor__splitter': 'best'}",,,,,,,,156,0.5713125217101057,0.5532949831755376,0.47508633491291663,0.40911127723981067,0.4278523361165427,0.4873314906309827,0.0651308089510041
69,0.0071965217590332035,0.00024312283100715647,0.001126861572265625,7.582484511718858e-05,mse,4,4,3,random,"{'decisiontreeregressor__criterion': 'mse', 'decisiontreeregressor__max_depth': 4, 'decisiontreeregressor__min_samples_leaf': 4, 'decisiontreeregressor__min_samples_split': 3, 'decisiontreeregressor__splitter': 'random'}",,,,,,,,137,0.5713125217101058,0.5532949831755376,0.47508633491291663,0.40911127723981067,0.4278523361165427,0.4873314906309827,0.06513080895100412
70,0.007380056381225586,0.00017346300321756497,0.0012277126312255859,6.249707284280965e-05,mse,4,4,4,best,"{'decisiontreeregressor__criterion': 'mse', 'decisiontreeregressor__max_depth': 4, 'decisiontreeregressor__min_samples_leaf': 4, 'decisiontreeregressor__min_samples_split': 4, 'decisiontreeregressor__splitter': 'best'}",,,,,,,,138,0.5713125217101058,0.5532949831755378,0.47508633491291663,0.40911127723981067,0.4278523361165427,0.4873314906309827,0.06513080895100418
71,0.007446384429931641,0.0002161921305598367,0.0011662006378173827,2.313009216088227e-05,mse,4,4,4,random,"{'decisiontreeregressor__criterion': 'mse', 'decisiontreeregressor__max_depth': 4, 'decisiontreeregressor__min_samples_leaf': 4, 'decisiontreeregressor__min_samples_split': 4, 'decisiontreeregressor__splitter': 'random'}",,,,,,,,139,0.5713125217101058,0.5532949831755376,0.47508633491291663,0.40911127723981067,0.4278523361165427,0.4873314906309827,0.06513080895100412
72,0.008136558532714843,0.00014962656160061248,0.0012065410614013673,7.796026511299391e-05,mse,5,2,2,best,"{'decisiontreeregressor__criterion': 'mse', 'decisiontreeregressor__max_depth': 5, 'decisiontreeregressor__min_samples_leaf': 2, 'decisiontreeregressor__min_samples_split': 2, 'decisiontreeregressor__splitter': 'best'}",,,,,,,,140,0.6747500865039509,0.6322274995168128,0.5754433809281556,0.508049691453589,0.5270876420222923,0.58351166008496,0.06267528878206156
73,0.008121299743652343,0.00028069534404768625,0.0012273788452148438,3.774249695836046e-05,mse,5,2,2,random,"{'decisiontreeregressor__criterion': 'mse', 'decisiontreeregressor__max_depth': 5, 'decisiontreeregressor__min_samples_leaf': 2, 'decisiontreeregressor__min_samples_split': 2, 'decisiontreeregressor__splitter': 'random'}",,,,,,,,141,0.6747500865039509,0.6322274995168127,0.5754433809281556,0.508049691453589,0.5270876420222923,0.58351166008496,0.06267528878206155
74,0.006999301910400391,0.0018288400315304972,0.0009557723999023438,0.00014098885447010875,mse,5,2,3,best,"{'decisiontreeregressor__criterion': 'mse', 'decisiontreeregressor__max_depth': 5, 'decisiontreeregressor__min_samples_leaf': 2, 'decisiontreeregressor__min_samples_split': 3, 'decisiontreeregressor__splitter': 'best'}",,,,,,,,142,0.6747500865039507,0.6322274995168127,0.5754433809281556,0.508049691453589,0.5270876420222923,0.58351166008496,0.06267528878206152
75,0.005449151992797852,0.0006852309338621532,0.0008255958557128907,0.0001237447458120223,mse,5,2,3,random,"{'decisiontreeregressor__criterion': 'mse', 'decisiontreeregressor__max_depth': 5, 'decisiontreeregressor__min_samples_leaf': 2, 'decisiontreeregressor__min_samples_split': 3, 'decisiontreeregressor__splitter': 'random'}",,,,,,,,143,0.6747500865039507,0.6322274995168127,0.5754433809281556,0.5080496914535889,0.5270876420222923,0.58351166008496,0.06267528878206155
76,0.005889415740966797,0.001063785751072861,0.0009700298309326172,0.00023870472902304358,mse,5,2,4,best,"{'decisiontreeregressor__criterion': 'mse', 'decisiontreeregressor__max_depth': 5, 'decisiontreeregressor__min_samples_leaf': 2, 'decisiontreeregressor__min_samples_split': 4, 'decisiontreeregressor__splitter': 'best'}",,,,,,,,144,0.6747500865039509,0.6322274995168128,0.5754433809281556,0.508049691453589,0.5270876420222923,0.58351166008496,0.06267528878206156
77,0.0071392059326171875,0.001442898076134632,0.0010292530059814453,0.00021206203476736613,mse,5,2,4,random,"{'decisiontreeregressor__criterion': 'mse', 'decisiontreeregressor__max_depth': 5, 'decisiontreeregressor__min_samples_leaf': 2, 'decisiontreeregressor__min_samples_split': 4, 'decisiontreeregressor__splitter': 'random'}",,,,,,,,145,0.6747500865039509,0.6322274995168127,0.5754433809281556,0.508049691453589,0.5270876420222923,0.58351166008496,0.06267528878206155
78,0.006506443023681641,0.0013591804699732606,0.0010387897491455078,0.0002299678389888944,mse,5,3,2,best,"{'decisiontreeregressor__criterion': 'mse', 'decisiontreeregressor__max_depth': 5, 'decisiontreeregressor__min_samples_leaf': 3, 'decisiontreeregressor__min_samples_split': 2, 'decisiontreeregressor__splitter': 'best'}",,,,,,,,146,0.653001641485702,0.6061265404594902,0.5529430329018019,0.488476406656147,0.5082119288048033,0.5617519100615889,0.06100663343774546
79,0.006516027450561524,0.0012673712317731423,0.0011431217193603516,0.00021962260230710176,mse,5,3,2,random,"{'decisiontreeregressor__criterion': 'mse', 'decisiontreeregressor__max_depth': 5, 'decisiontreeregressor__min_samples_leaf': 3, 'decisiontreeregressor__min_samples_split': 2, 'decisiontreeregressor__splitter': 'random'}",,,,,,,,147,0.6530016414857021,0.6061265404594902,0.5529430329018019,0.4884764066561471,0.5082119288048033,0.5617519100615889,0.06100663343774547
80,0.00856003761291504,0.0004459187906859244,0.0013413429260253906,8.397236389182218e-05,mse,5,3,3,best,"{'decisiontreeregressor__criterion': 'mse', 'decisiontreeregressor__max_depth': 5, 'decisiontreeregressor__min_samples_leaf': 3, 'decisiontreeregressor__min_samples_split': 3, 'decisiontreeregressor__splitter': 'best'}",,,,,,,,148,0.653001641485702,0.6061265404594902,0.5529430329018019,0.4884764066561471,0.5082119288048033,0.5617519100615889,0.061006633437745435
81,0.008012628555297852,0.000294236640885247,0.0012017250061035155,0.00010524819060343205,mse,5,3,3,random,"{'decisiontreeregressor__criterion': 'mse', 'decisiontreeregressor__max_depth': 5, 'decisiontreeregressor__min_samples_leaf': 3, 'decisiontreeregressor__min_samples_split': 3, 'decisiontreeregressor__splitter': 'random'}",,,,,,,,149,0.653001641485702,0.6061265404594902,0.5529430329018019,0.4884764066561471,0.5082119288048033,0.5617519100615889,0.061006633437745435
82,0.007315683364868164,0.0013669108359409495,0.0009093761444091796,0.00017273167890589995,mse,5,3,4,best,"{'decisiontreeregressor__criterion': 'mse', 'decisiontreeregressor__max_depth': 5, 'decisiontreeregressor__min_samples_leaf': 3, 'decisiontreeregressor__min_samples_split': 4, 'decisiontreeregressor__splitter': 'best'}",,,,,,,,150,0.653001641485702,0.6061265404594902,0.5529430329018019,0.4884764066561471,0.5082119288048033,0.5617519100615889,0.061006633437745435
83,0.010003948211669922,0.0005905831891344632,0.0015379905700683594,0.0003715898202265867,mse,5,3,4,random,"{'decisiontreeregressor__criterion': 'mse', 'decisiontreeregressor__max_depth': 5, 'decisiontreeregressor__min_samples_leaf': 3, 'decisiontreeregressor__min_samples_split': 4, 'decisiontreeregressor__splitter': 'random'}",,,,,,,,151,0.653001641485702,0.6061265404594902,0.5529430329018019,0.488476406656147,0.5082119288048033,0.5617519100615889,0.06100663343774546
84,0.009944963455200195,0.0017802085376158311,0.0014272689819335937,0.0003395926512113172,mse,5,4,2,best,"{'decisiontreeregressor__criterion': 'mse', 'decisiontreeregressor__max_depth': 5, 'decisiontreeregressor__min_samples_leaf': 4, 'decisiontreeregressor__min_samples_split': 2, 'decisiontreeregressor__splitter': 'best'}",,,,,,,,152,0.6430404741034255,0.5947840717993614,0.5378181563473752,0.48820376799262555,0.5082119288048033,0.5544116798095182,0.05705829092062445
85,0.010235452651977539,0.00025317981333483955,0.0013056278228759765,0.00015248775176503326,mse,5,4,2,random,"{'decisiontreeregressor__criterion': 'mse', 'decisiontreeregressor__max_depth': 5, 'decisiontreeregressor__min_samples_leaf': 4, 'decisiontreeregressor__min_samples_split': 2, 'decisiontreeregressor__splitter': 'random'}",,,,,,,,153,0.6430404741034255,0.5947840717993614,0.5378181563473752,0.48820376799262555,0.5082119288048031,0.5544116798095181,0.05705829092062446
86,0.011433172225952148,0.00044199906925997226,0.0012622356414794921,0.00010910586446509096,mse,5,4,3,best,"{'decisiontreeregressor__criterion': 'mse', 'decisiontreeregressor__max_depth': 5, 'decisiontreeregressor__min_samples_leaf': 4, 'decisiontreeregressor__min_samples_split': 3, 'decisiontreeregressor__splitter': 'best'}",,,,,,,,154,0.6430404741034255,0.5947840717993614,0.5378181563473752,0.48820376799262555,0.5082119288048033,0.5544116798095182,0.05705829092062445
87,0.008033418655395507,0.0013572731401304092,0.0011603355407714844,8.773847766433901e-05,mse,5,4,3,random,"{'decisiontreeregressor__criterion': 'mse', 'decisiontreeregressor__max_depth': 5, 'decisiontreeregressor__min_samples_leaf': 4, 'decisiontreeregressor__min_samples_split': 3, 'decisiontreeregressor__splitter': 'random'}",,,,,,,,155,0.6430404741034255,0.5947840717993614,0.5378181563473752,0.48820376799262555,0.5082119288048033,0.5544116798095182,0.05705829092062445
88,0.007273435592651367,0.0013379762361619394,0.0011875152587890625,0.00024330208427794723,mse,5,4,4,best,"{'decisiontreeregressor__criterion': 'mse', 'decisiontreeregressor__max_depth': 5, 'decisiontreeregressor__min_samples_leaf': 4, 'decisiontreeregressor__min_samples_split': 4, 'decisiontreeregressor__splitter': 'best'}",,,,,,,,91,0.6430404741034255,0.5947840717993615,0.5378181563473752,0.48820376799262555,0.5082119288048031,0.5544116798095182,0.05705829092062448
89,0.007242345809936523,0.000876128371130501,0.0011701583862304688,0.00023321402961698736,mse,5,4,4,random,"{'decisiontreeregressor__criterion': 'mse', 'decisiontreeregressor__max_depth': 5, 'decisiontreeregressor__min_samples_leaf': 4, 'decisiontreeregressor__min_samples_split': 4, 'decisiontreeregressor__splitter': 'random'}",,,,,,,,90,0.6430404741034255,0.5947840717993614,0.5378181563473752,0.48820376799262555,0.5082119288048033,0.5544116798095182,0.05705829092062445
90,0.0035124778747558593,0.0006196037813260203,0.0006479263305664062,4.440647002486801e-05,friedman_mse,1,2,2,best,"{'decisiontreeregressor__criterion': 'friedman_mse', 'decisiontreeregressor__max_depth': 1, 'decisiontreeregressor__min_samples_leaf': 2, 'decisiontreeregressor__min_samples_split': 2, 'decisiontreeregressor__splitter': 'best'}",,,,,,,,89,0.19383302178654505,0.19218809628283495,0.13111688385706344,0.17811275352888567,0.09732116029532045,0.15851438315012992,0.03810683614169046
91,0.00693044662475586,0.0015494196276423422,0.001271963119506836,0.00026971074757641504,friedman_mse,1,2,2,random,"{'decisiontreeregressor__criterion': 'friedman_mse', 'decisiontreeregressor__max_depth': 1, 'decisiontreeregressor__min_samples_leaf': 2, 'decisiontreeregressor__min_samples_split': 2, 'decisiontreeregressor__splitter': 'random'}",,,,,,,,44,0.19383302178654516,0.19218809628283495,0.13111688385706344,0.17811275352888567,0.09732116029532045,0.15851438315012994,0.03810683614169048
92,0.00606689453125,0.0006637723039986597,0.0011807918548583985,0.00010141067489528857,friedman_mse,1,2,3,best,"{'decisiontreeregressor__criterion': 'friedman_mse', 'decisiontreeregressor__max_depth': 1, 'decisiontreeregressor__min_samples_leaf': 2, 'decisiontreeregressor__min_samples_split': 3, 'decisiontreeregressor__splitter': 'best'}",,,,,,,,24,0.19383302178654516,0.19218809628283495,0.13111688385706344,0.17811275352888567,0.09732116029532056,0.15851438315012994,0.03810683614169044
93,0.004439067840576172,0.0007429685038846014,0.0009120464324951172,0.00018366450166465185,friedman_mse,1,2,3,random,"{'decisiontreeregressor__criterion': 'friedman_mse', 'decisiontreeregressor__max_depth': 1, 'decisiontreeregressor__min_samples_leaf': 2, 'decisiontreeregressor__min_samples_split': 3, 'decisiontreeregressor__splitter': 'random'}",,,,,,,,25,0.19383302178654505,0.19218809628283495,0.13111688385706344,0.17811275352888567,0.09732116029532056,0.15851438315012994,0.03810683614169042
94,0.0051861763000488285,0.0006238081607187369,0.0010260581970214845,0.00015006714622869748,friedman_mse,1,2,4,best,"{'decisiontreeregressor__criterion': 'friedman_mse', 'decisiontreeregressor__max_depth': 1, 'decisiontreeregressor__min_samples_leaf': 2, 'decisiontreeregressor__min_samples_split': 4, 'decisiontreeregressor__splitter': 'best'}",,,,,,,,26,0.19383302178654516,0.19218809628283495,0.13111688385706344,0.17811275352888567,0.09732116029532056,0.15851438315012994,0.03810683614169044
95,0.005631685256958008,0.00027510884191646166,0.0011638641357421876,6.983468618745113e-05,friedman_mse,1,2,4,random,"{'decisiontreeregressor__criterion': 'friedman_mse', 'decisiontreeregressor__max_depth': 1, 'decisiontreeregressor__min_samples_leaf': 2, 'decisiontreeregressor__min_samples_split': 4, 'decisiontreeregressor__splitter': 'random'}",,,,,,,,27,0.19383302178654505,0.19218809628283495,0.13111688385706344,0.17811275352888567,0.09732116029532056,0.15851438315012994,0.03810683614169042
96,0.005669450759887696,0.0011721020072929967,0.001122426986694336,0.00027917723874606006,friedman_mse,1,3,2,best,"{'decisiontreeregressor__criterion': 'friedman_mse', 'decisiontreeregressor__max_depth': 1, 'decisiontreeregressor__min_samples_leaf': 3, 'decisiontreeregressor__min_samples_split': 2, 'decisiontreeregressor__splitter': 'best'}",,,,,,,,28,0.19383302178654505,0.19218809628283495,0.13111688385706344,0.17811275352888567,0.09732116029532056,0.15851438315012994,0.03810683614169042
97,0.003604221343994141,0.00043491505037179063,0.0008466243743896484,0.00015794420221507607,friedman_mse,1,3,2,random,"{'decisiontreeregressor__criterion': 'friedman_mse', 'decisiontreeregressor__max_depth': 1, 'decisiontreeregressor__min_samples_leaf': 3, 'decisiontreeregressor__min_samples_split': 2, 'decisiontreeregressor__splitter': 'random'}",,,,,,,,29,0.19383302178654516,0.19218809628283495,0.13111688385706344,0.17811275352888556,0.09732116029532045,0.15851438315012992,0.03810683614169047
98,0.0036175727844238283,0.0004964169201288758,0.000731515884399414,5.821445506021863e-05,friedman_mse,1,3,3,best,"{'decisiontreeregressor__criterion': 'friedman_mse', 'decisiontreeregressor__max_depth': 1, 'decisiontreeregressor__min_samples_leaf': 3, 'decisiontreeregressor__min_samples_split': 3, 'decisiontreeregressor__splitter': 'best'}",,,,,,,,30,0.19383302178654516,0.19218809628283495,0.13111688385706344,0.17811275352888567,0.09732116029532045,0.15851438315012994,0.03810683614169048
99,0.003563690185546875,0.0003190013289512984,0.0010619163513183594,0.00019840855516488126,friedman_mse,1,3,3,random,"{'decisiontreeregressor__criterion': 'friedman_mse', 'decisiontreeregressor__max_depth': 1, 'decisiontreeregressor__min_samples_leaf': 3, 'decisiontreeregressor__min_samples_split': 3, 'decisiontreeregressor__splitter': 'random'}",,,,,,,,31,0.19383302178654516,0.19218809628283495,0.13111688385706344,0.17811275352888567,0.09732116029532056,0.15851438315012994,0.03810683614169044
100,0.004372501373291015,0.0009420593899325888,0.0009418964385986328,0.00020462379801151982,friedman_mse,1,3,4,best,"{'decisiontreeregressor__criterion': 'friedman_mse', 'decisiontreeregressor__max_depth': 1, 'decisiontreeregressor__min_samples_leaf': 3, 'decisiontreeregressor__min_samples_split': 4, 'decisiontreeregressor__splitter': 'best'}",,,,,,,,32,0.19383302178654516,0.19218809628283495,0.13111688385706344,0.17811275352888567,0.09732116029532056,0.15851438315012994,0.03810683614169044
101,0.003916788101196289,0.0007865708445322842,0.0007110595703125,0.0001279074769552491,friedman_mse,1,3,4,random,"{'decisiontreeregressor__criterion': 'friedman_mse', 'decisiontreeregressor__max_depth': 1, 'decisiontreeregressor__min_samples_leaf': 3, 'decisiontreeregressor__min_samples_split': 4, 'decisiontreeregressor__splitter': 'random'}",,,,,,,,33,0.19383302178654505,0.19218809628283495,0.13111688385706344,0.17811275352888567,0.09732116029532056,0.15851438315012994,0.03810683614169042
102,0.003486299514770508,0.0006532224862805031,0.0007091045379638671,0.00015552768876054573,friedman_mse,1,4,2,best,"{'decisiontreeregressor__criterion': 'friedman_mse', 'decisiontreeregressor__max_depth': 1, 'decisiontreeregressor__min_samples_leaf': 4, 'decisiontreeregressor__min_samples_split': 2, 'decisiontreeregressor__splitter': 'best'}",,,,,,,,34,0.19383302178654516,0.19218809628283495,0.13111688385706344,0.17811275352888567,0.09732116029532056,0.15851438315012994,0.03810683614169044
103,0.003603696823120117,0.00029677166400553034,0.0008787155151367187,0.0003095852387672942,friedman_mse,1,4,2,random,"{'decisiontreeregressor__criterion': 'friedman_mse', 'decisiontreeregressor__max_depth': 1, 'decisiontreeregressor__min_samples_leaf': 4, 'decisiontreeregressor__min_samples_split': 2, 'decisiontreeregressor__splitter': 'random'}",,,,,,,,35,0.19383302178654505,0.19218809628283495,0.13111688385706344,0.17811275352888567,0.09732116029532056,0.15851438315012994,0.03810683614169042
104,0.004538869857788086,0.0010777777687013548,0.0007573604583740234,0.00017490297263195192,friedman_mse,1,4,3,best,"{'decisiontreeregressor__criterion': 'friedman_mse', 'decisiontreeregressor__max_depth': 1, 'decisiontreeregressor__min_samples_leaf': 4, 'decisiontreeregressor__min_samples_split': 3, 'decisiontreeregressor__splitter': 'best'}",,,,,,,,36,0.19383302178654505,0.19218809628283495,0.13111688385706344,0.17811275352888567,0.09732116029532056,0.15851438315012994,0.03810683614169042
105,0.00327916145324707,0.00018196610777627902,0.0006234645843505859,5.725521780329543e-05,friedman_mse,1,4,3,random,"{'decisiontreeregressor__criterion': 'friedman_mse', 'decisiontreeregressor__max_depth': 1, 'decisiontreeregressor__min_samples_leaf': 4, 'decisiontreeregressor__min_samples_split': 3, 'decisiontreeregressor__splitter': 'random'}",,,,,,,,37,0.19383302178654505,0.19218809628283495,0.13111688385706344,0.17811275352888567,0.09732116029532045,0.15851438315012992,0.03810683614169046
106,0.0034246444702148438,0.0005015052154790191,0.0007061004638671875,9.972449252027703e-05,friedman_mse,1,4,4,best,"{'decisiontreeregressor__criterion': 'friedman_mse', 'decisiontreeregressor__max_depth': 1, 'decisiontreeregressor__min_samples_leaf': 4, 'decisiontreeregressor__min_samples_split': 4, 'decisiontreeregressor__splitter': 'best'}",,,,,,,,38,0.19383302178654516,0.19218809628283495,0.13111688385706344,0.17811275352888556,0.09732116029532056,0.15851438315012994,0.03810683614169043
107,0.003928184509277344,0.0005992845127481209,0.0008057594299316406,0.00017558861316460493,friedman_mse,1,4,4,random,"{'decisiontreeregressor__criterion': 'friedman_mse', 'decisiontreeregressor__max_depth': 1, 'decisiontreeregressor__min_samples_leaf': 4, 'decisiontreeregressor__min_samples_split': 4, 'decisiontreeregressor__splitter': 'random'}",,,,,,,,39,0.19383302178654505,0.19218809628283495,0.13111688385706344,0.17811275352888556,0.09732116029532056,0.15851438315012992,0.038106836141690414
108,0.003635072708129883,0.00015710004986508252,0.0007281303405761719,0.0001148393767325618,friedman_mse,2,2,2,best,"{'decisiontreeregressor__criterion': 'friedman_mse', 'decisiontreeregressor__max_depth': 2, 'decisiontreeregressor__min_samples_leaf': 2, 'decisiontreeregressor__min_samples_split': 2, 'decisiontreeregressor__splitter': 'best'}",,,,,,,,40,0.3749714968595621,0.39158845900019223,0.3309580544235371,0.2623505523383346,0.20877452450515188,0.3137286174253556,0.06894166505606698
109,0.003804445266723633,0.0001746342123632915,0.0007196426391601563,8.157185685064088e-05,friedman_mse,2,2,2,random,"{'decisiontreeregressor__criterion': 'friedman_mse', 'decisiontreeregressor__max_depth': 2, 'decisiontreeregressor__min_samples_leaf': 2, 'decisiontreeregressor__min_samples_split': 2, 'decisiontreeregressor__splitter': 'random'}",,,,,,,,41,0.374971496859562,0.39158845900019223,0.3309580544235371,0.2623505523383346,0.20877452450515177,0.3137286174253555,0.06894166505606701
110,0.0036998748779296874,0.00019641926784454004,0.0007660865783691406,7.130802767561763e-05,friedman_mse,2,2,3,best,"{'decisiontreeregressor__criterion': 'friedman_mse', 'decisiontreeregressor__max_depth': 2, 'decisiontreeregressor__min_samples_leaf': 2, 'decisiontreeregressor__min_samples_split': 3, 'decisiontreeregressor__splitter': 'best'}",,,,,,,,42,0.3749714968595621,0.39158845900019223,0.3309580544235371,0.2623505523383346,0.20877452450515177,0.3137286174253556,0.06894166505606703
111,0.004436397552490234,0.0008296580223428656,0.0009032726287841797,0.00023765434805150164,friedman_mse,2,2,3,random,"{'decisiontreeregressor__criterion': 'friedman_mse', 'decisiontreeregressor__max_depth': 2, 'decisiontreeregressor__min_samples_leaf': 2, 'decisiontreeregressor__min_samples_split': 3, 'decisiontreeregressor__splitter': 'random'}",,,,,,,,23,0.374971496859562,0.39158845900019223,0.3309580544235371,0.2623505523383345,0.20877452450515177,0.3137286174253555,0.06894166505606703
112,0.004259252548217773,0.0005425219791479599,0.0008315086364746094,0.0001385797895374236,friedman_mse,2,2,4,best,"{'decisiontreeregressor__criterion': 'friedman_mse', 'decisiontreeregressor__max_depth': 2, 'decisiontreeregressor__min_samples_leaf': 2, 'decisiontreeregressor__min_samples_split': 4, 'decisiontreeregressor__splitter': 'best'}",,,,,,,,22,0.3749714968595621,0.39158845900019223,0.3309580544235372,0.2623505523383345,0.20877452450515177,0.31372861742535557,0.06894166505606704
113,0.005175733566284179,0.00012200338794067897,0.0009764194488525391,2.794062310842977e-05,friedman_mse,2,2,4,random,"{'decisiontreeregressor__criterion': 'friedman_mse', 'decisiontreeregressor__max_depth': 2, 'decisiontreeregressor__min_samples_leaf': 2, 'decisiontreeregressor__min_samples_split': 4, 'decisiontreeregressor__splitter': 'random'}",,,,,,,,21,0.3749714968595621,0.39158845900019223,0.3309580544235371,0.2623505523383345,0.20877452450515188,0.3137286174253556,0.06894166505606701
114,0.005398225784301758,0.0005737440421205806,0.0009941577911376954,0.00011801940260858064,friedman_mse,2,3,2,best,"{'decisiontreeregressor__criterion': 'friedman_mse', 'decisiontreeregressor__max_depth': 2, 'decisiontreeregressor__min_samples_leaf': 3, 'decisiontreeregressor__min_samples_split': 2, 'decisiontreeregressor__splitter': 'best'}",,,,,,,,10,0.3749714968595621,0.39158845900019223,0.3309580544235372,0.2623505523383345,0.20877452450515177,0.31372861742535557,0.06894166505606704
115,0.007496356964111328,0.0004713102710613512,0.0015411376953125,0.00032076424856491737,friedman_mse,2,3,2,random,"{'decisiontreeregressor__criterion': 'friedman_mse', 'decisiontreeregressor__max_depth': 2, 'decisiontreeregressor__min_samples_leaf': 3, 'decisiontreeregressor__min_samples_split': 2, 'decisiontreeregressor__splitter': 'random'}",,,,,,,,2,0.3749714968595621,0.39158845900019223,0.3309580544235372,0.2623505523383346,0.20877452450515177,0.3137286174253556,0.06894166505606704
116,0.0077555179595947266,0.000744632225415188,0.0011778831481933593,9.059373940354155e-05,friedman_mse,2,3,3,best,"{'decisiontreeregressor__criterion': 'friedman_mse', 'decisiontreeregressor__max_depth': 2, 'decisiontreeregressor__min_samples_leaf': 3, 'decisiontreeregressor__min_samples_split': 3, 'decisiontreeregressor__splitter': 'best'}",,,,,,,,3,0.3749714968595621,0.39158845900019223,0.3309580544235371,0.2623505523383345,0.20877452450515177,0.31372861742535557,0.06894166505606704
117,0.007518291473388672,0.0007032934596951712,0.0013139724731445312,0.0002772901103787152,friedman_mse,2,3,3,random,"{'decisiontreeregressor__criterion': 'friedman_mse', 'decisiontreeregressor__max_depth': 2, 'decisiontreeregressor__min_samples_leaf': 3, 'decisiontreeregressor__min_samples_split': 3, 'decisiontreeregressor__splitter': 'random'}",,,,,,,,4,0.3749714968595621,0.39158845900019223,0.3309580544235371,0.2623505523383345,0.20877452450515177,0.31372861742535557,0.06894166505606704
118,0.004269266128540039,0.0006546627849578698,0.0007716655731201172,0.0001394663995633076,friedman_mse,2,3,4,best,"{'decisiontreeregressor__criterion': 'friedman_mse', 'decisiontreeregressor__max_depth': 2, 'decisiontreeregressor__min_samples_leaf': 3, 'decisiontreeregressor__min_samples_split': 4, 'decisiontreeregressor__splitter': 'best'}",,,,,,,,5,0.3749714968595621,0.39158845900019223,0.3309580544235371,0.2623505523383345,0.20877452450515177,0.31372861742535557,0.06894166505606704
119,0.0036717891693115235,0.00010048403814817167,0.0006062030792236328,2.12744199307591e-05,friedman_mse,2,3,4,random,"{'decisiontreeregressor__criterion': 'friedman_mse', 'decisiontreeregressor__max_depth': 2, 'decisiontreeregressor__min_samples_leaf': 3, 'decisiontreeregressor__min_samples_split': 4, 'decisiontreeregressor__splitter': 'random'}",,,,,,,,6,0.374971496859562,0.39158845900019223,0.3309580544235371,0.2623505523383345,0.20877452450515188,0.3137286174253555,0.06894166505606698
120,0.003906440734863281,0.00046468798585636565,0.000840139389038086,0.0001601427904148813,friedman_mse,2,4,2,best,"{'decisiontreeregressor__criterion': 'friedman_mse', 'decisiontreeregressor__max_depth': 2, 'decisiontreeregressor__min_samples_leaf': 4, 'decisiontreeregressor__min_samples_split': 2, 'decisiontreeregressor__splitter': 'best'}",,,,,,,,7,0.3749714968595621,0.39158845900019223,0.3309580544235371,0.2623505523383345,0.20877452450515177,0.31372861742535557,0.06894166505606704
121,0.004860353469848633,0.0017364064131062684,0.0008006095886230469,0.0002570452168367236,friedman_mse,2,4,2,random,"{'decisiontreeregressor__criterion': 'friedman_mse', 'decisiontreeregressor__max_depth': 2, 'decisiontreeregressor__min_samples_leaf': 4, 'decisiontreeregressor__min_samples_split': 2, 'decisiontreeregressor__splitter': 'random'}",,,,,,,,8,0.3749714968595621,0.39158845900019223,0.3309580544235371,0.2623505523383346,0.20877452450515177,0.3137286174253556,0.06894166505606703
122,0.004866170883178711,0.0020327671821664057,0.0008556365966796875,0.0003260997044952907,friedman_mse,2,4,3,best,"{'decisiontreeregressor__criterion': 'friedman_mse', 'decisiontreeregressor__max_depth': 2, 'decisiontreeregressor__min_samples_leaf': 4, 'decisiontreeregressor__min_samples_split': 3, 'decisiontreeregressor__splitter': 'best'}",,,,,,,,9,0.3749714968595621,0.39158845900019223,0.3309580544235371,0.2623505523383345,0.20877452450515177,0.31372861742535557,0.06894166505606704
123,0.0036821365356445312,0.00010563864221070514,0.0006544589996337891,2.9550441630197893e-05,friedman_mse,2,4,3,random,"{'decisiontreeregressor__criterion': 'friedman_mse', 'decisiontreeregressor__max_depth': 2, 'decisiontreeregressor__min_samples_leaf': 4, 'decisiontreeregressor__min_samples_split': 3, 'decisiontreeregressor__splitter': 'random'}",,,,,,,,11,0.3749714968595621,0.39158845900019223,0.3309580544235372,0.2623505523383346,0.20877452450515177,0.3137286174253556,0.06894166505606704
124,0.004692697525024414,0.0010730153172496461,0.0009697437286376953,0.0002418192851376149,friedman_mse,2,4,4,best,"{'decisiontreeregressor__criterion': 'friedman_mse', 'decisiontreeregressor__max_depth': 2, 'decisiontreeregressor__min_samples_leaf': 4, 'decisiontreeregressor__min_samples_split': 4, 'decisiontreeregressor__splitter': 'best'}",,,,,,,,20,0.374971496859562,0.39158845900019223,0.3309580544235371,0.2623505523383345,0.20877452450515188,0.3137286174253555,0.06894166505606698
125,0.00409393310546875,0.0004895060654194559,0.0007096290588378906,4.7346016029654096e-05,friedman_mse,2,4,4,random,"{'decisiontreeregressor__criterion': 'friedman_mse', 'decisiontreeregressor__max_depth': 2, 'decisiontreeregressor__min_samples_leaf': 4, 'decisiontreeregressor__min_samples_split': 4, 'decisiontreeregressor__splitter': 'random'}",,,,,,,,12,0.3749714968595621,0.39158845900019223,0.3309580544235371,0.2623505523383345,0.20877452450515177,0.31372861742535557,0.06894166505606704
126,0.0048334598541259766,0.0008935969947017856,0.0008530139923095704,0.00024731127836295227,friedman_mse,3,2,2,best,"{'decisiontreeregressor__criterion': 'friedman_mse', 'decisiontreeregressor__max_depth': 3, 'decisiontreeregressor__min_samples_leaf': 2, 'decisiontreeregressor__min_samples_split': 2, 'decisiontreeregressor__splitter': 'best'}",,,,,,,,13,0.47405250021248024,0.48866203924217944,0.4169258355939677,0.33827954513574454,0.3382234765366797,0.4112286793442103,0.0642285779099062
127,0.005549955368041992,0.0009358964595495481,0.001028299331665039,0.0002063343863731252,friedman_mse,3,2,2,random,"{'decisiontreeregressor__criterion': 'friedman_mse', 'decisiontreeregressor__max_depth': 3, 'decisiontreeregressor__min_samples_leaf': 2, 'decisiontreeregressor__min_samples_split': 2, 'decisiontreeregressor__splitter': 'random'}",,,,,,,,14,0.47405250021248024,0.48866203924217955,0.4169258355939677,0.33827954513574454,0.3382234765366797,0.4112286793442103,0.06422857790990623
128,0.006741857528686524,0.00024831903814616656,0.0012561321258544923,9.197082522221045e-05,friedman_mse,3,2,3,best,"{'decisiontreeregressor__criterion': 'friedman_mse', 'decisiontreeregressor__max_depth': 3, 'decisiontreeregressor__min_samples_leaf': 2, 'decisiontreeregressor__min_samples_split': 3, 'decisiontreeregressor__splitter': 'best'}",,,,,,,,15,0.47405250021248024,0.48866203924217944,0.4169258355939677,0.33827954513574454,0.3382234765366797,0.4112286793442103,0.0642285779099062
129,0.007134342193603515,0.00019631407230190383,0.0012545108795166016,6.473991246900746e-05,friedman_mse,3,2,3,random,"{'decisiontreeregressor__criterion': 'friedman_mse', 'decisiontreeregressor__max_depth': 3, 'decisiontreeregressor__min_samples_leaf': 2, 'decisiontreeregressor__min_samples_split': 3, 'decisiontreeregressor__splitter': 'random'}",,,,,,,,16,0.47405250021248024,0.48866203924217944,0.4169258355939678,0.33827954513574454,0.3382234765366797,0.4112286793442103,0.0642285779099062
130,0.0071620941162109375,0.00025353512863393737,0.0012680530548095704,5.3983063002262615e-05,friedman_mse,3,2,4,best,"{'decisiontreeregressor__criterion': 'friedman_mse', 'decisiontreeregressor__max_depth': 3, 'decisiontreeregressor__min_samples_leaf': 2, 'decisiontreeregressor__min_samples_split': 4, 'decisiontreeregressor__splitter': 'best'}",,,,,,,,17,0.47405250021248024,0.48866203924217944,0.4169258355939677,0.33827954513574454,0.33822347653667983,0.4112286793442104,0.06422857790990617
131,0.006169319152832031,0.0009946668249700276,0.0011295795440673829,0.0001735271545553688,friedman_mse,3,2,4,random,"{'decisiontreeregressor__criterion': 'friedman_mse', 'decisiontreeregressor__max_depth': 3, 'decisiontreeregressor__min_samples_leaf': 2, 'decisiontreeregressor__min_samples_split': 4, 'decisiontreeregressor__splitter': 'random'}",,,,,,,,18,0.47405250021248024,0.48866203924217944,0.4169258355939677,0.33827954513574454,0.3382234765366797,0.4112286793442103,0.0642285779099062
132,0.004477977752685547,0.00026182372405852863,0.0008106708526611328,0.00021801980439383826,friedman_mse,3,3,2,best,"{'decisiontreeregressor__criterion': 'friedman_mse', 'decisiontreeregressor__max_depth': 3, 'decisiontreeregressor__min_samples_leaf': 3, 'decisiontreeregressor__min_samples_split': 2, 'decisiontreeregressor__splitter': 'best'}",,,,,,,,19,0.4715907069862877,0.4857446672504435,0.41349678283434155,0.3379878956879422,0.3318813339760759,0.4081402773470181,0.06451956850633725
133,0.0050333976745605465,0.0010260793506630444,0.0008800029754638672,0.00024126735098272588,friedman_mse,3,3,2,random,"{'decisiontreeregressor__criterion': 'friedman_mse', 'decisiontreeregressor__max_depth': 3, 'decisiontreeregressor__min_samples_leaf': 3, 'decisiontreeregressor__min_samples_split': 2, 'decisiontreeregressor__splitter': 'random'}",,,,,,,,43,0.4715907069862877,0.4857446672504434,0.41349678283434155,0.3379878956879422,0.3318813339760759,0.4081402773470181,0.06451956850633722
134,0.004305696487426758,0.0006367141348628215,0.0009117603302001953,0.00031719394139644367,friedman_mse,3,3,3,best,"{'decisiontreeregressor__criterion': 'friedman_mse', 'decisiontreeregressor__max_depth': 3, 'decisiontreeregressor__min_samples_leaf': 3, 'decisiontreeregressor__min_samples_split': 3, 'decisiontreeregressor__splitter': 'best'}",,,,,,,,45,0.4715907069862877,0.4857446672504435,0.41349678283434155,0.3379878956879422,0.3318813339760758,0.4081402773470181,0.06451956850633728
135,0.004033470153808593,0.00010871496109871362,0.0006531715393066406,2.7692951719805163e-05,friedman_mse,3,3,3,random,"{'decisiontreeregressor__criterion': 'friedman_mse', 'decisiontreeregressor__max_depth': 3, 'decisiontreeregressor__min_samples_leaf': 3, 'decisiontreeregressor__min_samples_split': 3, 'decisiontreeregressor__splitter': 'random'}",,,,,,,,88,0.4715907069862877,0.4857446672504435,0.41349678283434155,0.3379878956879421,0.3318813339760759,0.4081402773470181,0.06451956850633726
136,0.003901243209838867,0.00016487543746313032,0.0006694316864013672,0.00011038171533071354,friedman_mse,3,3,4,best,"{'decisiontreeregressor__criterion': 'friedman_mse', 'decisiontreeregressor__max_depth': 3, 'decisiontreeregressor__min_samples_leaf': 3, 'decisiontreeregressor__min_samples_split': 4, 'decisiontreeregressor__splitter': 'best'}",,,,,,,,46,0.4715907069862877,0.4857446672504435,0.4134967828343413,0.3379878956879422,0.3318813339760758,0.4081402773470181,0.06451956850633726
137,0.0038079261779785157,0.00023308552411457637,0.0006560325622558594,7.621471940664537e-05,friedman_mse,3,3,4,random,"{'decisiontreeregressor__criterion': 'friedman_mse', 'decisiontreeregressor__max_depth': 3, 'decisiontreeregressor__min_samples_leaf': 3, 'decisiontreeregressor__min_samples_split': 4, 'decisiontreeregressor__splitter': 'random'}",,,,,,,,69,0.4715907069862877,0.4857446672504435,0.41349678283434155,0.3379878956879422,0.33188133397607567,0.4081402773470181,0.0645195685063373
138,0.003806924819946289,0.00011453868742749895,0.0005929946899414062,2.262510664002197e-05,friedman_mse,3,4,2,best,"{'decisiontreeregressor__criterion': 'friedman_mse', 'decisiontreeregressor__max_depth': 3, 'decisiontreeregressor__min_samples_leaf': 4, 'decisiontreeregressor__min_samples_split': 2, 'decisiontreeregressor__splitter': 'best'}",,,,,,,,70,0.4715907069862877,0.4857446672504435,0.41349678283434155,0.3379878956879422,0.3318813339760759,0.4081402773470181,0.06451956850633725
139,0.005556440353393555,0.001700318717448509,0.0009115695953369141,0.00019215902076609784,friedman_mse,3,4,2,random,"{'decisiontreeregressor__criterion': 'friedman_mse', 'decisiontreeregressor__max_depth': 3, 'decisiontreeregressor__min_samples_leaf': 4, 'decisiontreeregressor__min_samples_split': 2, 'decisiontreeregressor__splitter': 'random'}",,,,,,,,71,0.4715907069862877,0.4857446672504435,0.41349678283434155,0.3379878956879422,0.3318813339760759,0.4081402773470181,0.06451956850633725
140,0.004462337493896485,0.0005169241532418913,0.0007259845733642578,5.1602505635393125e-05,friedman_mse,3,4,3,best,"{'decisiontreeregressor__criterion': 'friedman_mse', 'decisiontreeregressor__max_depth': 3, 'decisiontreeregressor__min_samples_leaf': 4, 'decisiontreeregressor__min_samples_split': 3, 'decisiontreeregressor__splitter': 'best'}",,,,,,,,72,0.4715907069862877,0.4857446672504434,0.41349678283434155,0.3379878956879422,0.3318813339760758,0.4081402773470181,0.06451956850633725
141,0.004112672805786133,0.0002850298410872694,0.0007297039031982422,0.00014119369681598638,friedman_mse,3,4,3,random,"{'decisiontreeregressor__criterion': 'friedman_mse', 'decisiontreeregressor__max_depth': 3, 'decisiontreeregressor__min_samples_leaf': 4, 'decisiontreeregressor__min_samples_split': 3, 'decisiontreeregressor__splitter': 'random'}",,,,,,,,73,0.4715907069862877,0.4857446672504435,0.41349678283434155,0.3379878956879422,0.3318813339760759,0.4081402773470181,0.06451956850633725
142,0.0038139820098876953,8.626338715276822e-05,0.000665283203125,6.129251551016473e-05,friedman_mse,3,4,4,best,"{'decisiontreeregressor__criterion': 'friedman_mse', 'decisiontreeregressor__max_depth': 3, 'decisiontreeregressor__min_samples_leaf': 4, 'decisiontreeregressor__min_samples_split': 4, 'decisiontreeregressor__splitter': 'best'}",,,,,,,,74,0.4715907069862877,0.4857446672504435,0.41349678283434155,0.3379878956879422,0.3318813339760759,0.4081402773470181,0.06451956850633725
143,0.004000616073608398,0.00019806471316659863,0.0006944179534912109,6.909082471219192e-05,friedman_mse,3,4,4,random,"{'decisiontreeregressor__criterion': 'friedman_mse', 'decisiontreeregressor__max_depth': 3, 'decisiontreeregressor__min_samples_leaf': 4, 'decisiontreeregressor__min_samples_split': 4, 'decisiontreeregressor__splitter': 'random'}",,,,,,,,75,0.4715907069862877,0.4857446672504434,0.41349678283434155,0.3379878956879421,0.3318813339760759,0.4081402773470181,0.06451956850633724
144,0.004481601715087891,0.00019273380424958763,0.000859212875366211,8.720977497783955e-05,friedman_mse,4,2,2,best,"{'decisiontreeregressor__criterion': 'friedman_mse', 'decisiontreeregressor__max_depth': 4, 'decisiontreeregressor__min_samples_leaf': 2, 'decisiontreeregressor__min_samples_split': 2, 'decisiontreeregressor__splitter': 'best'}",,,,,,,,76,0.5786506872489399,0.5642809261075108,0.47865357147109566,0.41391269486413107,0.4355772895178931,0.49421503384191406,0.0665847109193635
145,0.0069774150848388675,0.0006510118838417059,0.0012950897216796875,7.780442482852745e-05,friedman_mse,4,2,2,random,"{'decisiontreeregressor__criterion': 'friedman_mse', 'decisiontreeregressor__max_depth': 4, 'decisiontreeregressor__min_samples_leaf': 2, 'decisiontreeregressor__min_samples_split': 2, 'decisiontreeregressor__splitter': 'random'}",,,,,,,,77,0.5786506872489399,0.5642809261075108,0.47865357147109555,0.41391269486413096,0.4355772895178932,0.49421503384191406,0.0665847109193635
146,0.007416677474975586,0.0003940302071667457,0.0011974334716796874,8.2822455333063e-05,friedman_mse,4,2,3,best,"{'decisiontreeregressor__criterion': 'friedman_mse', 'decisiontreeregressor__max_depth': 4, 'decisiontreeregressor__min_samples_leaf': 2, 'decisiontreeregressor__min_samples_split': 3, 'decisiontreeregressor__splitter': 'best'}",,,,,,,,78,0.5786506872489399,0.5642809261075108,0.47865357147109555,0.41391269486413107,0.4355772895178931,0.49421503384191406,0.0665847109193635
147,0.00709080696105957,0.00041598372906600714,0.0011162757873535156,0.00021934597388380796,friedman_mse,4,2,3,random,"{'decisiontreeregressor__criterion': 'friedman_mse', 'decisiontreeregressor__max_depth': 4, 'decisiontreeregressor__min_samples_leaf': 2, 'decisiontreeregressor__min_samples_split': 3, 'decisiontreeregressor__splitter': 'random'}",,,,,,,,79,0.5786506872489399,0.5642809261075108,0.47865357147109555,0.4139126948641312,0.4355772895178932,0.49421503384191406,0.06658471091936344
148,0.005174684524536133,0.0006838545670234932,0.0007443904876708984,4.761939478975317e-05,friedman_mse,4,2,4,best,"{'decisiontreeregressor__criterion': 'friedman_mse', 'decisiontreeregressor__max_depth': 4, 'decisiontreeregressor__min_samples_leaf': 2, 'decisiontreeregressor__min_samples_split': 4, 'decisiontreeregressor__splitter': 'best'}",,,,,,,,80,0.5786506872489399,0.5642809261075108,0.47865357147109555,0.41391269486413107,0.4355772895178932,0.49421503384191406,0.06658471091936347
149,0.004811429977416992,0.00032435936320917295,0.0007654190063476563,0.00013805243611784705,friedman_mse,4,2,4,random,"{'decisiontreeregressor__criterion': 'friedman_mse', 'decisiontreeregressor__max_depth': 4, 'decisiontreeregressor__min_samples_leaf': 2, 'decisiontreeregressor__min_samples_split': 4, 'decisiontreeregressor__splitter': 'random'}",,,,,,,,81,0.5786506872489399,0.5642809261075108,0.47865357147109555,0.41391269486413107,0.4355772895178931,0.49421503384191406,0.0665847109193635
150,0.005632972717285157,0.0012641940119715966,0.0009051322937011719,0.0002693941987494562,friedman_mse,4,3,2,best,"{'decisiontreeregressor__criterion': 'friedman_mse', 'decisiontreeregressor__max_depth': 4, 'decisiontreeregressor__min_samples_leaf': 3, 'decisiontreeregressor__min_samples_split': 2, 'decisiontreeregressor__splitter': 'best'}",,,,,,,,82,0.5713125217101057,0.5570635504907748,0.4752245187114693,0.40938391590333223,0.4278523361165427,0.488167368586445,0.06583624122070653
151,0.005032491683959961,0.0008267680006295522,0.0008163928985595703,0.0001965027010427861,friedman_mse,4,3,2,random,"{'decisiontreeregressor__criterion': 'friedman_mse', 'decisiontreeregressor__max_depth': 4, 'decisiontreeregressor__min_samples_leaf': 3, 'decisiontreeregressor__min_samples_split': 2, 'decisiontreeregressor__splitter': 'random'}",,,,,,,,83,0.5713125217101058,0.5570635504907748,0.4752245187114693,0.40938391590333223,0.4278523361165427,0.488167368586445,0.06583624122070655
152,0.006205129623413086,0.001100957804047264,0.0010309219360351562,0.0002736435466711745,friedman_mse,4,3,3,best,"{'decisiontreeregressor__criterion': 'friedman_mse', 'decisiontreeregressor__max_depth': 4, 'decisiontreeregressor__min_samples_leaf': 3, 'decisiontreeregressor__min_samples_split': 3, 'decisiontreeregressor__splitter': 'best'}",,,,,,,,84,0.5713125217101058,0.5570635504907748,0.4752245187114693,0.40938391590333223,0.4278523361165427,0.488167368586445,0.06583624122070655
153,0.005378007888793945,0.000675999495059005,0.0009951114654541016,0.00020802451541894357,friedman_mse,4,3,3,random,"{'decisiontreeregressor__criterion': 'friedman_mse', 'decisiontreeregressor__max_depth': 4, 'decisiontreeregressor__min_samples_leaf': 3, 'decisiontreeregressor__min_samples_split': 3, 'decisiontreeregressor__splitter': 'random'}",,,,,,,,85,0.5713125217101058,0.5570635504907747,0.4752245187114692,0.40938391590333223,0.4278523361165427,0.488167368586445,0.06583624122070654
154,0.006440973281860352,0.0006463908487159876,0.0012040138244628906,0.0002159022608801187,friedman_mse,4,3,4,best,"{'decisiontreeregressor__criterion': 'friedman_mse', 'decisiontreeregressor__max_depth': 4, 'decisiontreeregressor__min_samples_leaf': 3, 'decisiontreeregressor__min_samples_split': 4, 'decisiontreeregressor__splitter': 'best'}",,,,,,,,86,0.5713125217101058,0.5570635504907747,0.4752245187114693,0.40938391590333223,0.4278523361165427,0.488167368586445,0.06583624122070654
155,0.006423473358154297,0.0013593395509170717,0.0011863231658935547,0.0002561464470875619,friedman_mse,4,3,4,random,"{'decisiontreeregressor__criterion': 'friedman_mse', 'decisiontreeregressor__max_depth': 4, 'decisiontreeregressor__min_samples_leaf': 3, 'decisiontreeregressor__min_samples_split': 4, 'decisiontreeregressor__splitter': 'random'}",,,,,,,,87,0.5713125217101058,0.5570635504907748,0.4752245187114692,0.40938391590333223,0.4278523361165427,0.488167368586445,0.06583624122070655
156,0.008178281784057616,0.0005263449725722495,0.0013438701629638673,4.097848762059708e-05,friedman_mse,4,4,2,best,"{'decisiontreeregressor__criterion': 'friedman_mse', 'decisiontreeregressor__max_depth': 4, 'decisiontreeregressor__min_samples_leaf': 4, 'decisiontreeregressor__min_samples_split': 2, 'decisiontreeregressor__splitter': 'best'}",,,,,,,,68,0.5713125217101057,0.5532949831755378,0.47508633491291663,0.40911127723981067,0.4278523361165427,0.4873314906309827,0.06513080895100413
157,0.0068495750427246095,0.0015671540254348936,0.0010561466217041016,0.00030425829358268097,friedman_mse,4,4,2,random,"{'decisiontreeregressor__criterion': 'friedman_mse', 'decisiontreeregressor__max_depth': 4, 'decisiontreeregressor__min_samples_leaf': 4, 'decisiontreeregressor__min_samples_split': 2, 'decisiontreeregressor__splitter': 'random'}",,,,,,,,67,0.5713125217101057,0.5532949831755376,0.47508633491291663,0.40911127723981067,0.4278523361165427,0.4873314906309827,0.0651308089510041
158,0.005234432220458984,0.0008784388604928014,0.0009264945983886719,0.00018526863325753654,friedman_mse,4,4,3,best,"{'decisiontreeregressor__criterion': 'friedman_mse', 'decisiontreeregressor__max_depth': 4, 'decisiontreeregressor__min_samples_leaf': 4, 'decisiontreeregressor__min_samples_split': 3, 'decisiontreeregressor__splitter': 'best'}",,,,,,,,66,0.5713125217101058,0.5532949831755378,0.47508633491291663,0.4091112772398108,0.4278523361165427,0.4873314906309828,0.06513080895100413
159,0.005680370330810547,0.001113721739868512,0.0008248329162597656,0.00010749993126550225,friedman_mse,4,4,3,random,"{'decisiontreeregressor__criterion': 'friedman_mse', 'decisiontreeregressor__max_depth': 4, 'decisiontreeregressor__min_samples_leaf': 4, 'decisiontreeregressor__min_samples_split': 3, 'decisiontreeregressor__splitter': 'random'}",,,,,,,,55,0.5713125217101058,0.5532949831755376,0.47508633491291663,0.40911127723981067,0.4278523361165427,0.4873314906309827,0.06513080895100412
160,0.006502914428710938,0.0008310883650309752,0.0011138916015625,0.00023269374837928721,friedman_mse,4,4,4,best,"{'decisiontreeregressor__criterion': 'friedman_mse', 'decisiontreeregressor__max_depth': 4, 'decisiontreeregressor__min_samples_leaf': 4, 'decisiontreeregressor__min_samples_split': 4, 'decisiontreeregressor__splitter': 'best'}",,,,,,,,47,0.5713125217101058,0.5532949831755376,0.47508633491291663,0.40911127723981067,0.4278523361165427,0.4873314906309827,0.06513080895100412
161,0.005878639221191406,0.0008769898141395972,0.0008168220520019531,0.00012976840948453837,friedman_mse,4,4,4,random,"{'decisiontreeregressor__criterion': 'friedman_mse', 'decisiontreeregressor__max_depth': 4, 'decisiontreeregressor__min_samples_leaf': 4, 'decisiontreeregressor__min_samples_split': 4, 'decisiontreeregressor__splitter': 'random'}",,,,,,,,48,0.5713125217101058,0.5532949831755376,0.47508633491291663,0.40911127723981067,0.4278523361165427,0.4873314906309827,0.06513080895100412
162,0.006044960021972657,0.0012698553715657147,0.000942230224609375,0.00019418510491748202,friedman_mse,5,2,2,best,"{'decisiontreeregressor__criterion': 'friedman_mse', 'decisiontreeregressor__max_depth': 5, 'decisiontreeregressor__min_samples_leaf': 2, 'decisiontreeregressor__min_samples_split': 2, 'decisiontreeregressor__splitter': 'best'}",,,,,,,,49,0.6747500865039509,0.6322274995168127,0.5754433809281556,0.5080496914535889,0.5270876420222923,0.58351166008496,0.06267528878206158
163,0.007507419586181641,0.0014852473606212415,0.0011612415313720704,0.00026573016935307116,friedman_mse,5,2,2,random,"{'decisiontreeregressor__criterion': 'friedman_mse', 'decisiontreeregressor__max_depth': 5, 'decisiontreeregressor__min_samples_leaf': 2, 'decisiontreeregressor__min_samples_split': 2, 'decisiontreeregressor__splitter': 'random'}",,,,,,,,50,0.6747500865039509,0.6322274995168127,0.5754433809281556,0.5080496914535889,0.5270876420222923,0.58351166008496,0.06267528878206158
164,0.009461593627929688,0.0002397834999087351,0.0014217853546142577,5.9599036906603604e-05,friedman_mse,5,2,3,best,"{'decisiontreeregressor__criterion': 'friedman_mse', 'decisiontreeregressor__max_depth': 5, 'decisiontreeregressor__min_samples_leaf': 2, 'decisiontreeregressor__min_samples_split': 3, 'decisiontreeregressor__splitter': 'best'}",,,,,,,,51,0.6747500865039509,0.6322274995168127,0.5754433809281556,0.5080496914535888,0.5270876420222923,0.58351166008496,0.0626752887820616
165,0.0073719024658203125,0.0008768305143952514,0.0009697914123535156,0.00019296790907949018,friedman_mse,5,2,3,random,"{'decisiontreeregressor__criterion': 'friedman_mse', 'decisiontreeregressor__max_depth': 5, 'decisiontreeregressor__min_samples_leaf': 2, 'decisiontreeregressor__min_samples_split': 3, 'decisiontreeregressor__splitter': 'random'}",,,,,,,,52,0.6747500865039507,0.6322274995168128,0.5754433809281556,0.5080496914535889,0.5270876420222923,0.58351166008496,0.06267528878206156
166,0.005739974975585938,0.0009148415018184232,0.0008984088897705078,0.00015230692387224872,friedman_mse,5,2,4,best,"{'decisiontreeregressor__criterion': 'friedman_mse', 'decisiontreeregressor__max_depth': 5, 'decisiontreeregressor__min_samples_leaf': 2, 'decisiontreeregressor__min_samples_split': 4, 'decisiontreeregressor__splitter': 'best'}",,,,,,,,53,0.6747500865039509,0.6322274995168127,0.5754433809281556,0.5080496914535888,0.5270876420222923,0.58351166008496,0.0626752887820616
167,0.007092905044555664,0.0023972046097125517,0.001192760467529297,0.00034677473443481613,friedman_mse,5,2,4,random,"{'decisiontreeregressor__criterion': 'friedman_mse', 'decisiontreeregressor__max_depth': 5, 'decisiontreeregressor__min_samples_leaf': 2, 'decisiontreeregressor__min_samples_split': 4, 'decisiontreeregressor__splitter': 'random'}",,,,,,,,54,0.6747500865039507,0.6322274995168128,0.5754433809281556,0.508049691453589,0.5270876420222923,0.58351166008496,0.06267528878206154
168,0.006186819076538086,0.000810123031263177,0.0008465290069580078,8.01294447365747e-05,friedman_mse,5,3,2,best,"{'decisiontreeregressor__criterion': 'friedman_mse', 'decisiontreeregressor__max_depth': 5, 'decisiontreeregressor__min_samples_leaf': 3, 'decisiontreeregressor__min_samples_split': 2, 'decisiontreeregressor__splitter': 'best'}",,,,,,,,56,0.653001641485702,0.6061265404594902,0.5529430329018019,0.4884764066561471,0.5082119288048033,0.5617519100615889,0.061006633437745435
169,0.006650161743164062,0.0010135227179448396,0.0010408401489257813,0.00024223583888403089,friedman_mse,5,3,2,random,"{'decisiontreeregressor__criterion': 'friedman_mse', 'decisiontreeregressor__max_depth': 5, 'decisiontreeregressor__min_samples_leaf': 3, 'decisiontreeregressor__min_samples_split': 2, 'decisiontreeregressor__splitter': 'random'}",,,,,,,,65,0.653001641485702,0.6061265404594902,0.5529430329018019,0.488476406656147,0.5082119288048033,0.5617519100615889,0.06100663343774546
170,0.006922101974487305,0.001731626288564142,0.0009434223175048828,0.00026239430738856,friedman_mse,5,3,3,best,"{'decisiontreeregressor__criterion': 'friedman_mse', 'decisiontreeregressor__max_depth': 5, 'decisiontreeregressor__min_samples_leaf': 3, 'decisiontreeregressor__min_samples_split': 3, 'decisiontreeregressor__splitter': 'best'}",,,,,,,,57,0.653001641485702,0.6061265404594902,0.5529430329018019,0.4884764066561471,0.5082119288048033,0.5617519100615889,0.061006633437745435
171,0.006874275207519531,0.0015829101515492715,0.0011212348937988282,0.00031332034626954804,friedman_mse,5,3,3,random,"{'decisiontreeregressor__criterion': 'friedman_mse', 'decisiontreeregressor__max_depth': 5, 'decisiontreeregressor__min_samples_leaf': 3, 'decisiontreeregressor__min_samples_split': 3, 'decisiontreeregressor__splitter': 'random'}",,,,,,,,58,0.653001641485702,0.6061265404594902,0.5529430329018019,0.488476406656147,0.5082119288048033,0.5617519100615889,0.06100663343774546
172,0.005268907546997071,0.0004876921497531919,0.000763559341430664,6.58464637221501e-05,friedman_mse,5,3,4,best,"{'decisiontreeregressor__criterion': 'friedman_mse', 'decisiontreeregressor__max_depth': 5, 'decisiontreeregressor__min_samples_leaf': 3, 'decisiontreeregressor__min_samples_split': 4, 'decisiontreeregressor__splitter': 'best'}",,,,,,,,59,0.653001641485702,0.6061265404594902,0.5529430329018019,0.4884764066561471,0.5082119288048033,0.5617519100615889,0.061006633437745435
173,0.005044174194335937,0.00016191169835959237,0.0006775379180908204,7.521059852169299e-05,friedman_mse,5,3,4,random,"{'decisiontreeregressor__criterion': 'friedman_mse', 'decisiontreeregressor__max_depth': 5, 'decisiontreeregressor__min_samples_leaf': 3, 'decisiontreeregressor__min_samples_split': 4, 'decisiontreeregressor__splitter': 'random'}",,,,,,,,60,0.653001641485702,0.6061265404594902,0.5529430329018019,0.488476406656147,0.5082119288048033,0.5617519100615889,0.06100663343774546
174,0.00603175163269043,0.0014427463331746345,0.00098419189453125,0.0002734577332321918,friedman_mse,5,4,2,best,"{'decisiontreeregressor__criterion': 'friedman_mse', 'decisiontreeregressor__max_depth': 5, 'decisiontreeregressor__min_samples_leaf': 4, 'decisiontreeregressor__min_samples_split': 2, 'decisiontreeregressor__splitter': 'best'}",,,,,,,,61,0.6430404741034255,0.5947840717993614,0.5378181563473752,0.48820376799262555,0.5082119288048033,0.5544116798095182,0.05705829092062445
175,0.005179977416992188,0.0009329624997216147,0.0007841110229492188,8.046482579382604e-05,friedman_mse,5,4,2,random,"{'decisiontreeregressor__criterion': 'friedman_mse', 'decisiontreeregressor__max_depth': 5, 'decisiontreeregressor__min_samples_leaf': 4, 'decisiontreeregressor__min_samples_split': 2, 'decisiontreeregressor__splitter': 'random'}",,,,,,,,62,0.6430404741034255,0.5947840717993613,0.5378181563473752,0.48820376799262555,0.5082119288048033,0.5544116798095182,0.05705829092062443
176,0.006391191482543945,0.0018027481171479986,0.0008601188659667969,0.00017494768687914628,friedman_mse,5,4,3,best,"{'decisiontreeregressor__criterion': 'friedman_mse', 'decisiontreeregressor__max_depth': 5, 'decisiontreeregressor__min_samples_leaf': 4, 'decisiontreeregressor__min_samples_split': 3, 'decisiontreeregressor__splitter': 'best'}",,,,,,,,63,0.6430404741034255,0.5947840717993615,0.5378181563473752,0.48820376799262555,0.5082119288048033,0.5544116798095182,0.057058290920624456
177,0.007557010650634766,0.0022401545978973547,0.001116800308227539,0.0003509693297036688,friedman_mse,5,4,3,random,"{'decisiontreeregressor__criterion': 'friedman_mse', 'decisiontreeregressor__max_depth': 5, 'decisiontreeregressor__min_samples_leaf': 4, 'decisiontreeregressor__min_samples_split': 3, 'decisiontreeregressor__splitter': 'random'}",,,,,,,,64,0.6430404741034255,0.5947840717993615,0.5378181563473752,0.48820376799262555,0.5082119288048033,0.5544116798095182,0.057058290920624456
178,0.006543016433715821,0.0007058513781383127,0.0008803844451904297,9.553472627365422e-05,friedman_mse,5,4,4,best,"{'decisiontreeregressor__criterion': 'friedman_mse', 'decisiontreeregressor__max_depth': 5, 'decisiontreeregressor__min_samples_leaf': 4, 'decisiontreeregressor__min_samples_split': 4, 'decisiontreeregressor__splitter': 'best'}",,,,,,,,157,0.6430404741034255,0.5947840717993614,0.5378181563473752,0.48820376799262555,0.5082119288048033,0.5544116798095182,0.05705829092062445
179,0.006003332138061523,0.0010760636925984414,0.0009763717651367187,0.0003093466648443074,friedman_mse,5,4,4,random,"{'decisiontreeregressor__criterion': 'friedman_mse', 'decisiontreeregressor__max_depth': 5, 'decisiontreeregressor__min_samples_leaf': 4, 'decisiontreeregressor__min_samples_split': 4, 'decisiontreeregressor__splitter': 'random'}",,,,,,,,180,0.6430404741034255,0.5947840717993614,0.5378181563473752,0.48820376799262555,0.5082119288048033,0.5544116798095182,0.05705829092062445
